,INST,COUNTRY
1, Arizona State University,USA
2, Arizona State University West,USA
3, Boston University,USA
4, Brigham Young University,USA
5, Brown University,USA
6, Carnegie Museum of Natural History,USA
7, Centro de Ecologia,Venezuela
8, Cornell University,USA
9, CSIC-UPV,Spain
10, Duke University,USA
11, Ecole Normale Superieure,France
12, Florida State University,USA
13, Grinnell College,USA
14, Harvard Medical School,USA
15, Harvard University,USA
16, Harvard University Herbaria,USA
17, Idaho State University,USA
18, Indiana University,USA
19, Iowa State University,USA
20, Louisiana State University,USA
21, Ludwig-Maximilians-UniversitÑt MÅnchen,Germany
22, McGill University,Canada
23, McMaster University,Canada
24, Michigan State University,USA
25, Museum fu_r Naturkunde,Germany
26, Museum of Comparative Zoology,USA
27, New Mexico State University,USA
28, North Carolina State University,USA
29, Northern Arizona University,USA
30, Northwestern University,USA
31, Oxford University,United Kingdom
32, Pennsylvania State University,USA
33, Princeton University,USA
34, Rice University,USA
35, Royal Holloway,United Kingdom
36, Rutgers University,USA
37, San Francisco State University,USA
38, Simon Fraser University,Canada
39, Smith College,USA
40, Stanford University,USA
41, State University of New York at Stony Brook,USA
42, Syracuse University,USA
43, Texas State University,USA
44, The University of Chicago,USA
45, The University of Southwestern Louisiana,USA
46, Univ. of Wisconsin-Milwaukee,USA
47, Universidad Nacional Aut¢noma de MÇxico,Mexico
48, UniversitÇ Paris-Sud,France
49, Universite Pierre and Marie Curie,France
50, University of Alberta,Canada
51, University of Arizona,USA
52, University of British Columbia,Canada
53, University of California,USA
54, University of California at San Diego,USA
55, University of California- Davis,USA
56, University of California-San Diego,USA
57, University of Chicago,USA
58, University of Colorado,USA
59, University of Colorado- Boulder,USA
60, University of Connecticut,USA
61, University of Edinburgh,United Kingdom
62, University of Florida,USA
63, University of Georgia,USA
64, University of Guelph,Canada
65, University of Houston,USA
66, University of Illinois,USA
67, University of Illinois at Chicago,USA
68, University of Kansas,USA
69, University of Maine,USA
70, University of Maryland,USA
71, University of Massachusetts Boston,USA
72, University of Michigan,USA
73, University of Minnesota,USA
74, University of Missouri-St. Louis,USA
75, University of Montana,USA
76, University of Nebraska,USA
77, University of New South Wales,Australia
78, University of North Carolina,USA
79, University of Oregon,USA
80, University of Oslo,Norway
81, University of Otago,NewZealand
82, University of Oulu,Finland
83, University of Pittsburgh,USA
84, University of Puerto Rico,PuertoRico
85, University of Rochester,USA
86, University of Sheffield,United Kingdom
87, University of South Carolina,USA
88, University of South Florida,USA
89, University of Texas,USA
90, University of Texas at Austin,USA
91, University of Toronto,Canada
92, University of Utah,USA
93, University of Vermont,USA
94, University of Virginia,USA
95, University of Washington,USA
96, University of Wisconsin,USA
97, University of Wisconsin-Milwaukee,USA
98, University of Wollongong,Australia
99, University of Wyoming,USA
100, Uppsala University,Sweden
101, Vanderbilt University,USA
102, Wageningen University,Netherlands
103, Washington State University,USA
104, Washington University,USA
105, Wayne State University,USA
106, Western Washington University,USA
107, Yale University,USA
108,†UniversitÈ Claude Bernard Lyon 1,France
109,Aarhus University,Denmark
110,Aberdeen University,UK
111,Africa Plant Seeds International,Tanzania
112,Agricultural University,Netherlands
113,Agricultural University of Norway,Norway
114,Agricultural University Wageningen,Netherlands
115,American Museum of Natural History,USA
116,ANUTECH Australian National University,Australia
117,Arizona State University,USA
118,Arizona State University ,USA
119,Arnold Arboretum Of Harvard University,United States
120,ART Research Station,Netherlands
121,Austrailan National University,Australia
122,Australian Institute of Marine Science ,Australia
123,Australian International Development Bureau,Australia
124,Australian National University,Australia
125,Austrian Research Centre for Forests (BFW),Austria
126,Bangor University,UK
127,Bavarian Forest National Park,Germany
128,Beaverlodge res farm,Canada
129,Beijing Forestry University,China
130,Ben-Gurion University of the Negev,Israel
131,Binghamton University- SUNY,USA
132,Biological Station Wijster,Netherlands
133,"Botanical Institute, University Of Bergen",Norway
134,Botanical Museum,Norway
135,Botanical Society of America,USA
136,Bournemouth University,UK
137,Brazilian Agricultural Research Corporation CIRAD,Brazil
138,Brigham Young University,USA
139,British Antartic Survey,UK
140,British Trust for Ornithology,UK
141,Brown University,USA
142,"Cab International Institute Of Entomology, The Natural History Museum",UK
143,Cal State Bakersfield,USA
144,California Academy Of Sciences,United States
145,Cambridge University,UK
146,Canadian Forest Products Ltd,Canada
147,Canadian Forestry Service,Canada
148,"Cape Research Centre, South African National Parks",South Africa
149,Carl-von-Ossietzky University,Germany
150,Carnegie Institution of Washington,USA
151,Case Western Reserve University,USA
152,Center for International Forestry Research CIFOR,Indonesia
153,Center for Tropical Agricultural Research and Education CATIE,Costa Rica
154,Centre d'Ecologie Fonctionnelle et Evolutive- CNRS,Finland
155,"Centre For Development Studies, University Of Bergen",Norway
156,Centre for Ecology and Hydrology,UK
157,Centre National de la Recherche Scientifique,France
158,Chinese Academy of Sciences,China
159,Christopher Newport University,USA
160,CIEP,Chile
161,CINVESTAV,Germany
162,CISC,Spain
163,CISRO,Australia
164,Citrus Research and Education Center,USA
165,City_Only,Australia
166,Clemson University,USA
167,CNRS  Institut des Sciences de l'Evolution Montpellier,France
168,Colegio de la Frontera Sur ECOSUR,Mexico
169,Colgate University,USA
170,"College Of Environmental Science And Forestry, Syracuse",United States
171,College of New Jersey,USA
172,Colorado Cooperative Fish and Wildlife Unit,USA
173,Colorado State,USA
174,Colorado State University,USA
175,Columbia University ,USA
176,Commonwealth Scientific and Industrial Research Organisation CSIRO,Australia
177,Commonwealth Secretariat ,UK
178,Consejo Superior de Investigaciones Cientificas,Spain
179,Copenhagen University,Denmark
180,Cork,Ireland
181,Cornell ,USA
182,Cornell University,USA
183,CSIRO,Australia
184,Csiro Division Of Wildlife And Ecology,Australia
185,CSIRO Plant Industry,Australia
186,Dalhousie University,Canada
187,Danish Forest and Landscape Research Institute,Denmark
188,Dartmouth College,USA
189,Dartmouth College ,USA
190,Denison University,USA
191,Department of Agriculture and Water Resources,Australia
192,"Department Of Animal And Plant Sciences, University Of Sheffield",UK
193,"Department Of Biodiversity And Evolutionary Biology, National Museum Of Natural Sciences",Spain
194,"Department Of Biological Sciences, Florida Institute Of Technology",United States
195,"Department Of Biological Sciencies, University Of Nevada Las Vegas",United States
196,"Department Of Biology, University Of New Mexico",United States
197,"Department Of Biology, University Of Vermont",United States
198,"Department Of Biology, University Of York",UK
199,"Department Of Botany, The Natural History Museum",UK
200,Department of Conservation and Land Management,Australia
201,"Department Of Ecology & Evolutionary Biology, University Of California, Irvine",United States
202,"Department Of Ecology, Evolution And Marine Biology, University Of California",United States
203,"Department Of Ecology, Lund University",Sweden
204,"Department Of Genetics And Human Variation, La Trobe University",Australia
205,"Department Of Geography, University Of California At Los Angeles",United States
206,"Department Of Geography, University Of Colorado",United States
207,"Department Of Geography, University Of Toronto",Canada
208,"Department Of Medicine, University Of Oxford",UK
209,Department of Scientific and Industrial Research,New Zealand
210,"Department Of Zoology, King'S College",UK
211,"Department Of Zoology, The Natural History Museum",UK
212,"Dept. of Biology, University of New York",USA
213,"Depto. De Ecologia, Universidad De La Laguna",Spain
214,Desert Research Institute,USA
215,"Director, Royal Botanic Gardens",UK
216,"Division Of Fishes, National Museum Of Natural History, Smithsonian Institution",United States
217,"Dsir Land Resources, Christ-Church",New Zealand
218,Duke University,USA
219,East Carolina U,USA
220,Eastern Michigan University,USA
221,Emory University,USA
222,Estonian Agricultultural University,Estonia
223,European Forestry Institute,Finland
224,Evolutionary Biology Centre,Sweden
225,Federal Forest Reseach Center,Austria
226,Federal Research Centre for Forestry and Forest Products BFH,Germany
227,Ferrum College,USA
228,Filed Museum Of Natural History,United States
229,Finnish Environment Institute,Finland
230,Finnish Forest Research Institute,Finland
231,Florida International U,USA
232,Florida State University,USA
233,Food and Agriculture Organization FAO,Italy
234,Forest Research Institute,Greece
235,Forestry and Forest Products Research Institute,Japan
236,Forestry Comission Northern Research Station,UK
237,Forests Department of Western Australia,Australia
238,Free University Amsterdam,Netherlands
239,French Agricultural Research Centre for International Development CIRAD,France
240,French National Institute for Agricultural Research Centre de Nancy,France
241,French National Institute for Agricultural Research INRA,France
242,French National School of Forestry ENGREF,France
243,"Geography Department, University Of Melbourne",Australia
244,Georg-August-Universitat Gottingen,Germany
245,Georgia Institute of Technology,USA
246,Georgia Southern University,USA
247,Graduate University for Advanced Studies,Japan
248,"Griffith University,",Australia
249,Gulbenkian Institute,Portugal
250,Harvard,USA
251,Harvard Forest,USA
252,Harvard University,USA
253,Hebrew University of Jerusalem,Israel
254,Icbs Ufal And Oxford University,Brazil And UK
255,IFREMER,France
256,Illinois Natural History Survey,USA
257,Illinois Natural History Survey ,USA
258,Illinois State,USA
259,Illinois State University,USA
260,Imperial College at Silwood Park,UK
261,Imperial College London,UK
262,Imperial University,United Kingdom
263,Indian Institute of Sciences,India
264,Indiana U,USA
265,Indiana University,USA
266,Indiana University/Purdue University at Fort Wayne,USA
267,INIBIOMA,Argentina
268,INRA,French Guiana
269,Insitute of Ecosystem Studies,USA
270,"Institute For Environmental Studies, University Of Orange Free State",South Africa
271,"Institute For Plant Conservation, University Of Cape Town",South Africa
272,"Institute For Systematic Botany, University Of Zurich",Switzerland
273,Institute of Ecosystem,USA
274,Institute of Ecosystem Studies,USA
275,Institute of Geology and Biology,Norway
276,Institute of Nature Conservation,Norway
277,Institute of Science and Technology,United Kingdom
278,Institute of Terrestrial Ecology ,UK
279,Instituto de Ecologia UNAM,Mexico
280,Instituto de Pesquisas Tecnologicas do Estado de Sao Paulo,Brazil
281,Instituto de Recursos Naturales& Agrobiologia,Spain
282,Instituto Mediterraneo de Estudios Avanzados (IMEDEA),USA
283,Instituto Nacional de Pesquisas da Amazonia INPA,Brazil
284,Instituto Tecnologico de Costa Rica,Costa Rica
285,International Center for Research in Agroforestry ICRAF,Kenya
286,International Centre of Insect Physiology and Ecology,Kenya
287,International Institute of Tropical Forestry,USA
288,International Union for Conservation of Nature and Natural Resources,Switzerland
289,Iowa State,USA
290,Iowa State University,USA
291,Israel Institute of Technology,Israel
292,Istituto Sperimentale per la Selvicoltura,Italy
293,Jaldin Botanique Nacional de Belgique,Belgium
294,James Cook University,Australia
295,James Cook University ,Australia
296,Jawaharlal Nehru University,India
297,Jawaharlal Nehru University ,India
298,John Carroll U,USA
299,Journal of Tropical Ecology,UK
300,Justus Liebig Universitat,Germany
301,Kansas State University,USA
302,Kerala Agricultural University,India
303,"Key Centre For Tropical Wildlife Management, Charles Darwin University",Australia
304,King's College,UK
305,King's College London,UK
306,Kings Park and Botanic Gardens,Australia
307,Knoxville,USA
308,Kyushu University,Japan
309,Lake Forest College,USA
310,Lancaster University,UK
311,Landcare Research,New Zealand
312,LaTrobe University,Australia
313,Laval University,Canada
314,Lehman College,USA
315,Leiden University,Netherlands
316,Liverpool John Moores University,UK
317,Louisiana State,USA
318,Louisiana State Univeristy,USA
319,Louisiana State University,USA
320,Lund University,Sweden
321,Macaulay Institute,UK
322,Machigan State University,USA
323,MacQuaire University,Australia
324,Macquarie University,Australia
325,Makarere University,Uganda
326,Manaaki Whenua Landcare Research,New Zealand
327,Marine Biological Laboratory,USA
328,Marshall Unin,USA
329,Martin Luther University,Germany
330,Massey University,New Zealand
331,Max F. Perutz Laboratories,Austria
332,Max Planck Institute for Chemical Ecology,Germany
333,Max Planck Institute for Demographic Research,Australia
334,McGill University,Canada
335,Miami U,USA
336,Miami University,USA
337,Michigan State University,USA
338,Michigan State University ,USA
339,Michigan Technological University,USA
340,"Ministry of technology, environment and sciences",Thailand
341,Missouri Botanical Garden,United States
342,Missouri Botanical Gardens,USA
343,Moi University,Kenya
344,Monash University,Australia
345,Montana State,USA
346,Mount St. Vicent Unviersity ,Canada
347,Murdoch University,Australia
348,Museo De La Plata,Argentina
349,Museo Paleontologico Egidio,Argentina
350,Museum d'Histoire Naturelle,France
351,Museum National d'Histoire,France
352,Museum National d'Histoire Naturelle,France
353,N.B.S. N. Prairie Wildlife Research Center,USA
354,Nanjing Forestry University,China
355,NASA Ames Research Center,USA
356,National Autonomous university of Mexico,Mexico
357,National Biological Survey,USA
358,National Center for Agriculture and Veterinary Biotechnology,Ireland
359,National Center for Ecological Analysis and Synthesis,United States
360,National Council for Air and Stream Improvement,USA
361,National Institute Of Water And Atmospheric Research,New Zealand
362,National Museum of Natural History,USA
363,National Museum of Natural Sciences,Spain
364,National University of Ireland,Ireland
365,Netherlands Institute of Ecology,Netherlands
366,New England Wild Flower Society,USA
367,New Mexico State University,USA
368,New York University,USA
369,Newfoundland Forestry Center,Canada
370,NIOO,The Netherlands
371,No one by this name,Canada
372,NoInst,Argentina
373,North Carolina State University,USA
374,North Dakota State,USA
375,Northeastern University ,USA
376,Northern Arizona University,USA
377,Norwegian University of Science and Technology,Norway
378,Oak Ridge National Laboratory,USA
379,Ohio ,USA
380,Ohio State,USA
381,Ohio State University,USA
382,Ohio u,USA
383,Ohio University,USA
384,Ohio University ,USA
385,Oklahoma State University,USA
386,Oklahoma University,USA
387,Old Dominion University ,USA
388,Oregon State,USA
389,Oregon State University,USA
390,Organization for Tropical Studies,Costa Rica
391,Oxford University,UK
392,Pacific S.W. Research Station- U.S. Forest Service,USA
393,Peking University,China
394,Pennsylvania State University,USA
395,Plymouth University,UK
396,Pomona College,USA
397,Ponteficio Collegio Irlandese,Italy
398,Princeton University,USA
399,Purdue University,USA
400,Queen's U,Canada
401,Queen's University,Canada
402,Radboud University Nijmegen,Netherlands
403,Rensselaer Poly ,USA
404,Rice University,USA
405,Riverina College of Advanced Education,Australia
406,Roscoff Marine Station- UPMC,France
407,Rutgers U,USA
408,Rutgers University,USA
409,San Diego State University,USA
410,San Francisco State University,USA
411,Santa Fe Institute,USA
412,Sao Paulo State University,Brazil
413,"School Of Botany, The Unversity Of Melbourne",Australia
414,"School Of Geography Earth And Environmental Sciences, University Of Birmingham",UK
415,"School Of Geography, University Of Oxford",UK
416,"School Of Marine Biology And Aquaculture, James Cook University",Australia
417,Service Canadien des Forets,Canada
418,Simon Fraser University,Canada
419,Smith College,United States
420,Smithsonian,USA
421,Smithsonian Environmental Research Center,
422,Smithsonian Migratory Bird Center,United States
423,Smithsonian Tropical Research Institute,USA
424,Southern Cross University,Australia
425,Southern Illinois University,USA
426,St. Lawrence Centre,Canada
427,Stanford,USA
428,Stanford University,USA
429,State University of New York,USA
430,State University of New York at Binghamton,USA
431,State University of New York at Stony Brook,USA
432,Station D'Etudes des Gorilles et Chimpanzes (SEGC),Gabon
433,Stockholm Resilience Centre,Sweden
434,Stockholm University,Sweden
435,Stony Brook University,United States
436,Sun Yat-Sen University,China
437,SUNY,USA
438,Swedish University of Agricultural Sciences,Sweden
439,Swiss Federal Research Institute,Switzerland
440,Swiss Federal Research Institute Wsl,Switzerland
441,Syracuse University,USA
442,Tartu University,Estonia
443,Temple-Inland Forest,USA
444,Texas State,USA
445,Texas State University,USA
446,The Ecosystems Center,USA
447,The Forestry Commission,UK
448,The Norwegian Institute for Nature Research,Norway
449,The University Of Alabama,United States
450,The University of Manchester,UK
451,The University of Melbourne,Australia
452,Tropenbos International,Netherlands
453,U Arizona,USA
454,U British Colombia,Canada
455,U Calgary,Canada
456,U California Berkeley,USA
457,U California Davis,USA
458,U California Irvine,USA
459,U California Los Angeles,USA
460,U California Riverside,USA
461,U California San Diego,USA
462,U California Santa Barbara,USA
463,U California Santa Cruz,USA
464,U Chicago,USA
465,U Connecticut,USA
466,U Florida,USA
467,U Georgia,USA
468,U Guelph,USA
469,U Illinois,USA
470,U Iowa,USA
471,U Kansas,Usa
472,U Kentucky,USA
473,U Maryland,USA
474,U Michigan,USA
475,U Oklahoma,USA
476,U Ottawa,Canada
477,U South Dakota,USA
478,U Tennessee,USA
479,U Texas,USA
480,U Toronto,Canada
481,U Washington,USA
482,U Wisconsin,USA
483,U. of California- Davis,USA
484,U. of California- Riverside,USA
485,U.S. Forest Service,USA
486,U.S. Geological survey,USA
487,U.S.F.W.S. National Wetlands Research Center,USA
488,"Uc Merced, University Of California",United States
489,UFZ Centre for Environmental Research,Germany
490,Umea University,Sweden
491,UMSL,USA
492,Univerisity of Wisconsin,USA
493,Univeristy of Georgia,USA
494,Univeristy of Guelph,Canada
495,Univeristy of Iowa,USA
496,Univeristy of New Mexico,USA
497,Univeristy of Oxford,United Kingdom
498,Univeristy of Pennsylvania,USA
499,Universidad Complutense,Spain
500,Universidad de Alicante,Spain
501,Universidad de Vigo,Spain
502,Universidad Nacional Agraria,Peru
503,Universidad Nacional Autonoma de MÇxico,MEXICO
504,Universidad Nacional del Comahue,Argentina
505,Universidade de S?o Paulo,Brazil
506,Universidade Federal de Goias,Brazil
507,Universit of Wisconsin- Milwaukee,USA
508,UniversitÇ de Lausanne,Switzerland
509,UniversitÇ de Montpellier II,France
510,UniversitÇ Montpellier II,France
511,UniversitÈ du Quebec,Canada
512,Universite de Nantes,France
513,Universiti Sains,Malaysia
514,University College Cork,Ireland
515,University College Dublin,Ireland
516,University College London,United Kingdom
517,University College of North Wales,UK
518,University du Quebec a Montreal,Canada
519,University fo California Berkeley,USA
520,University Kebangsaan,Malaysia
521,University Lodz,Poland
522,University of Aarhus,Denmark
523,University of Aberdeen,UK
524,University of Aberdeen ,UK
525,University of Agricultural Sciences,Austria
526,University of Agriculture,Czech Republic
527,University of Alabama,USA
528,University of Alabama- Huntsville,USA
529,University of Alaska,USA
530,University of Alberta,Canada
531,University of Antwerp,Belgium
532,University of Arizona,USA
533,University of Arkansas,USA
534,University of Auckland,New Zealand
535,University of Basel,Switzerland
536,University of Bern,Switzerland
537,University of Bern ,Switzerland
538,University of Bologna,Italy
539,University of Botswana,Botswana
540,University of Bremen,Germany
541,University of British Columbia,Canada
542,University of Buenos Aires,Argentina
543,University of Buenos Aires ,Argentina
544,University of Calgary,Canada
545,University of California,USA
546,University of California ,USA
547,University of California Berkeley,USA
548,University of California Davis,USA
549,University of California San Diego,USA
550,University of California Santa Barbara,USA
551,University of California- Berkeley,USA
552,University of California- Davis,USA
553,University of California- Irvine,USA
554,University of California- Los Angeles,USA
555,University of California- Riverside,USA
556,University of California- San Diego,USA
557,University of California- Santa Barbara,USA
558,University of California- Santa Cruz,USA
559,"University of California, Berkeley",USA
560,"University of California, Davis",USA
561,"University of California, Davis ",USA
562,"University of California, Riverside",USA
563,"University of California, San Diego",USA
564,"University of California, Santa Cruz",USA
565,University of Cambridge,UK
566,University of Canberra,Australia
567,University of Canterbury,New Zealand
568,University of Cape Town,South Africa
569,University of Carolina Aiken,USA
570,University of Chicago,USA
571,University of Cincinnati,USA
572,University of Colorado,USA
573,University of Colorado Boulder,USA
574,University of Colorado- Boulder,USA
575,University of Connecticut,USA
576,University of Connecticut ,USA
577,University of Copenhagen,Denmark
578,University of East Anglia,United Kingdom
579,University of Edinburgh,UK
580,University of Exeter in Cornwall,United Kingdom
581,University of Florida,USA
582,University of Freiburg,Germany
583,University of Fribourg,Switzerland
584,University of Gˆttingen,Germany
585,University of Georgia,USA
586,University of Groningen,Netherlands
587,University of Guelph,Canada
588,University of Hawaii,USA
589,University of Hawaii at Hilo,USA
590,University of Hawaii at Manoa,USA
591,University of Helsinki,Finland
592,University of Hong Kong,Hong Kong
593,University of Houston,USA
594,University of ibadan,Nigeria
595,University of Idaho,USA
596,University of Illimois at Chicago,USA
597,University of Illinois,USA
598,University of Illinois at Urbana-Champaign,USA
599,University of Iowa,USA
600,University of Joensuu,Finland
601,University of Jyvaskyla,Finland
602,University of Kaiserslautern,Germany
603,University of Kansas,USA
604,University of Kentucky,USA
605,University of KwaZulu-Natal ,South Africa
606,University of Lausanne,Switzerland
607,University of Leeds,United Kingdom
608,University of Leiden,Netherlands
609,University of Lethbridge,Canada
610,University of Leuven,Belgium
611,University of Liverpool,UK
612,University of Louisville,USA
613,University of Lund,Sweden
614,University of Maine,USA
615,University of Manchester,United Kingdom
616,University of Marburg,Germany
617,University of Maryland,Canada
618,University of Massachusetts,USA
619,University of Massachusetts- Amherst,USA
620,University of Melbourne,Australia
621,University of Michgan,USA
622,University of Michigan,USA
623,University of Minnesota,USA
624,University of Minnesota- Duluth,USA
625,University of Missouri,USA
626,University of Missouri_St Louis,USA
627,University of Montana,USA
628,University of Natural Resources and Applied Life Sciences BOKU,Austria
629,University of Nebraska,USA
630,University of Nevada,USA
631,University of Nevada Las Vegas,USA
632,University of Nevada- Reno,USA
633,University of New Brunswick,Canada
634,University of New England,Australia
635,University of New Mexico,USA
636,University of New South Wales,Australia
637,University of North Carolina,USA
638,University of North Carolina at Chapel Hill,USA
639,University of North Dakota,USA
640,University of Notre Dame,USA
641,University of Oklahoma,USA
642,"University of Oldenberg, ",Germany
643,University of Oregon,USA
644,University of Oslo,Norway
645,University of Otago,NewZealand
646,University of Ottawa,Canada
647,University of Oulu,Finland
648,University of Oxford,UK
649,University of Pavia,Italy
650,"University of Pennsylvania, ",USA
651,University of Pittsburg,USA
652,University of Pittsburgh,USA
653,University of Queensland,Australia
654,University of Regina,Canada
655,University of Rey Juan Carlos,Spain
656,University of Rhode Island,USA
657,University of Rochester,USA
658,University Of Salzburg,Austria
659,University of Sao Paulo,Brazil
660,University of Sheffield,UK
661,University of South Carolina,USA
662,University of South Florida,USA
663,University of Stellenbosch,South Africa
664,University of Sydney,Australia
665,University of Tartu,Estonia
666,University of Tennesee,USA
667,University of Tennessee,USA
668,University of Texas,USA
669,University of Texas Austin,USA
670,University of Toronto,Canada
671,University of Tromso,Norway
672,University of Tulsa,USA
673,University of Turku,Finland
674,University of Umea,Sweden
675,University of Utah,USA
676,University of Utrecht,Netherlands
677,University of Vermont,USA
678,University of Veterinary Medicine,Australia
679,University of Vienna,Austria
680,University of Vigo,Spain
681,University of Virginia,USA
682,University of Washington,USA
683,University of Washington ,USA
684,University of Western Australia,Australia
685,University of Windsor,Canada
686,University of Wisconsin,USA
687,University of Wisconsin ,USA
688,University of Wisconsin- Milwaukee,USA
689,University of Wisconsin- Parkside,USA
690,University of Wisconsin-Madison,USA
691,University of Wuerzburg,Germany
692,University of Wyoming,USA
693,University of Zurich,Switzerland
694,University Paris-Sud 11,France
695,Uppsala University,Sweden
696,US Environmental Protection Agency,USA
697,US Forest Service Pacific Southwest Research Station,USA
698,USDA,USA
699,USDA Forest Service,USA
700,USDA Forest Service Rocky Mountain Research Station,USA
701,USDA Forest Service Southern Research Station,USA
702,USGS Forest and Rangeland Ecosystem Science Center,USA
703,USGS Western Ecological Research Center,USA
704,Utah State University,USA
705,Vanderbilt,USA
706,Vanderbilt University,USA
707,Victoria University of Wellington,New Zealand
708,Victoria University Of Wellington,New Zealand
709,Virginia Commonweath U,USA
710,Virginia Polytechnic Institute and State University,USA
711,Vrije Universiteit ,Netherlands
712,VRije Universiteit Amsterdam,Netherlands
713,Wageningen Agricultural University,Netherlands
714,Wageningen University,Netherlands
715,Wake Forest University,United States
716,Washington and Lee University,USA
717,Washington State,USA
718,Washington State University,USA
719,Washington U,USA
720,Washington University,USA
721,Wayne State University,USA
722,Westleyan University,USA
723,Willamette U,USA
724,Williams College,USA
725,Woods Hole Oceanographic Institution,USA
726,World Wildlife Fund,USA
727,Wrcoclaw U,Poland
728,WSL Institute for Snow and Avalanche Research SFL,Switzerland
729,Xishuangbanna Tropical Botannical Garden,China
730,Yale University,USA
731,Yokohama National University,Japan
732,York University,Canada
733,Zoological Museum,Norway
