inst,country
centro de investigaciones y experiencias forestales,argentina
conicet austral center for scientific research,argentina
conicet cct mendoza,argentina
conicet centro nacional patagonico,argentina
inibioma,argentina
institute for agricultural plant physiology and ecology,argentina
museo de la plata,argentina
museo paleontologico egidio,argentina
universidad de buenos aires,argentina
universidad nacional del comahue,argentina
anutech australian national university,australia
australian institute of marine science,australia
australian international development bureau,australia
australian museum,australia
australian national parks and wildlife service,australia
australian national university,australia
australian research center for urban ecology,australia
charles darwin university,australia
csiro ecosystem sciences,australia
csiro entomology,australia
csiro forest research,australia
csiro land and water,australia
csiro marine and atmospheric research,australia
csiro plant industry,australia
csiro sustainable ecosystems,australia
csiro tropical ecosystems,australia
csiro wildlife and ecology,australia
curtin university of technology,australia
deakin university,australia
department of agriculture and water resources,australia
department of conservation and land management,australia
edith cowan university,australia
flinders university,australia
forest department of western australia,australia
griffith university,australia
havel land consultants,australia
james cook university brisbane,australia
james cook university townsville,australia
kings park and botanic gardens,australia
la trobe university,australia
macquarie university,australia
monash university,australia
murdoch university,australia
new south wales national parks and wildlife service,australia
northern territory university,australia
riverina college of advanced education,australia
royal botanic gardens melbourne,australia
school of biological sciences,australia
southern cross university,australia
tropical savannas management cooperative research centre,australia
unaffiliated,australia
university of adelaide,australia
university of canberra,australia
university of melbourne,australia
university of new england,australia
university of new south wales,australia
university of queensland,australia
university of sydney,australia
university of tasmania,australia
university of western australia,australia
university of wollongong,australia
vegetation survey of western australia,australia
victoria university of wellington,australia
victorian school of forestry,australia
western australian ecology centre,australia
western sydney university,australia
austrian research centre for forests,austria
federal forest reseach center,austria
international institute for applied systems analysis,austria
max f perutz laboratories,austria
university of agricultural sciences,austria
university of basel,austria
university of innsbruck,austria
university of natural resources and applied life sciences vienna,austria
university of salzburg,austria
university of veterinary medicine,austria
university of vienna,austria
jardin botanique nacional de belgique,belgium
universite libre de bruxelles,belgium
university of antwerp,belgium
university of ghent,belgium
university of leuven,belgium
instituto boliviano de investigacion forestal,bolivia
universidad mayor de san simon cochabamba,bolivia
university of botswana,botswana
biological dynamics of forest fragments project,brazil
cirad usp esalq consortium,brazil
instituto de pesquisas tecnologicas do estado de sao paulo,brazil
instituto de pesqus ambiental da amazonia,brazil
instituto nacional de pesquisas da amazonia,brazil
museu nacional,brazil
universidade de brasilia,brazil
universidade de sao paulo,brazil
universidade estadual de campinas,brazil
universidade estadual paulista,brazil
universidade federal de alagoas,brazil
universidade federal de goias,brazil
universidade federal de lavras,brazil
universidade federal de uberlandia,brazil
universidade federal do rio grande do norte,brazil
brunei museum,brunei
agriculture and agri food canada,canada
beaverlodge research farm,canada
brock university,canada
canadian forest products ltd,canada
canadian forest service,canada
carleton university,canada
concordia university,canada
dalhousie university,canada
laval university,canada
mcgill university,canada
mcmaster university,canada
memorial university of newfoundland,canada
mount allison university,canada
mount st vicent university,canada
newfoundland forestry center,canada
pacific agrifood research centre,canada
queens university,canada
simon fraser university,canada
st lawrence centre,canada
thompson rivers university,canada
trent university,canada
unaffiliated,canada
universite de moncton,canada
universite laval quebec,canada
university of alberta,canada
university of british columbia okanagan,canada
university of british columbia vancouver,canada
university of calgary,canada
university of guelph,canada
university of lethbridge,canada
university of manitoba,canada
university of montreal,canada
university of new brunswick,canada
university of ottawa,canada
university of quebec,canada
university of quebec in abitibi temiscamingue,canada
university of regina,canada
university of saskatchewan,canada
university of sherbrooke,canada
university of toronto,canada
university of toronto mississauga,canada
university of toronto scarborough,canada
university of victoria,canada
university of waterloo,canada
university of windsor,canada
york university,canada
ciep,chile
pontificia universidad catolica de chile,chile
universidad de chile,chile
universidad de concepcion,chile
academica sinica,china
beijing forestry university,china
beijing normal university,china
chinese academy of sciences,china
henan university,china
lanzhou university,china
nanjing forestry university,china
peking university,china
sun yat sen university,china
xishuangbanna tropical botanical garden,china
fundacion cedrela,colombia
universidad de los andes,colombia
center for tropical agricultural research and education,costa rica
instituto tecnologico de cost rica,costa rica
organization for tropical studies,costa rica
tropical research and training center,costa rica
university of cost rica,costa rica
czech academy of sciences,czech republic
university of agriculture,czech republic
university of ceske budejovice,czech republic
university of south bohemia,czech republic
aarhus university,denmark
danish forest and landscape research institute,denmark
geological survey of denmark,denmark
neri national environmental research institute,denmark
riso dtu national laboratory for sustainable energy,denmark
roskilde university,denmark
royal veterinary and agricultural university,denmark
university of copenhagen,denmark
estonian agricultultural university,estonia
estonian university of life sciences,estonia
university of tartu,estonia
addis ababa university,ethiopia
european forestry institute,finland
finnish environment institute,finland
finnish forest research institute,finland
finnish game and fisheries research institute,finland
university of eastern finland,finland
university of helsinki,finland
university of joensuu,finland
university of jyvaskyla,finland
university of oulu,finland
university of turku,finland
centre detudes biologiques de chize,france
centre regional de phytosociologie,france
cirad agricultural research centre for international development,france
cnrs centre decologie fonctionnelle et evolutive,france
cnrs centre delaboration de materiaux et detudes structurales,france
cnrs centre national de la recherche scientifique,france
cnrs institut des sciences de levolution montpellier,france
cnrs institut ecologie et environnement,france
csiro ecosystem sciences,france
ecole normale superieure,france
engref french national school of forestry,france
ifremer,france
inra and cnrs,france
inra national institute for agricultural research,france
inra national institute for agricultural research centre de nancy,france
institut botanique,france
laboratoire arago,france
laboratoire associe de modelisation des plantes,france
mivegec,france
nancy university,france
national museum of natural history france,france
national research institute of science and technology for environment and agriculture (irstea),france
new zealand research centre for urban ecology,france
roscoff biological station,france
roscoff marine station upmc,france
same as other ag inst?,france
station biologique de la tour du valat,france
unaffiliated,france
universite claude bernard lyon 1,france
universite de montpellier,france
universite de nantes,france
universite de rennes 1,france
universite joseph fourier,france
universite montpellier 2,france
universite paris sud,france
universite pierre et marie curie,france
university of bordeaux,france
university of evora,france
university of lausanne,france
university of lyon,france
university of paris,france
university of toulouse,france
university of tours,france
inra national institute for agricultural research,french guiana
umr ecofog,french guiana
station detudes des gorilles et chimpanzes,gabon
bavarian forest national park,germany
biological institute helgoland,germany
botanisches institat der universitat hohenheim,germany
carl von ossietzky university oldenburg,germany
dresden university of technology,germany
ernst moritz arndt university greifswald,germany
federal research center for nature conservation and landscape ecology,germany
federal research centre for forestry and forest products bfh,germany
free university of berlin,germany
friedrich schiller university of jena,germany
goeuniversity frankfurt,germany
helmholtz centre for environmental research ufz,germany
helmholtz centre for environmental research ufz leipzig halle,germany
humboldt university of berlin,germany
institut meereskunde,germany
institute geography and geoecology,germany
institute vogelforsch,germany
international university brennen,germany
justus liebig universitat,germany
jw goeuniversity frankfurt am main,germany
karlsruhe institute of technology,germany
leibniz institute for zoo and wildlife research,germany
leibniz university hannover,germany
leuphana university of lunenburg,germany
ludwig maximilian university of munich,germany
martin luther university,germany
max planck institute for chemical ecology,germany
max planck institute for demographic research,germany
max planck institute for human history,germany
max planck institute for plant breeding research,germany
max planck institute of biogeochemistry,germany
museum fur naturkunde,germany
philipps university marburg,germany
rwth aachen university,germany
salzburg university,germany
technical university of berlin,germany
technical university of darmstadt,germany
technical university of dresden,germany
technical university of munich,germany
trier university,germany
ulm university,germany
universitat des saarlandes,germany
universitat osnabruck,germany
university of bayreuth,germany
university of bonn,germany
university of bremen,germany
university of cologne,germany
university of dresden,germany
university of freiburg,germany
university of giessen,germany
university of gottingen,germany
university of hamburg,germany
university of jena,germany
university of kaiserslautern,germany
university of konstanz,germany
university of leipzig,germany
university of mainz,germany
university of munster,germany
university of potsdam,germany
university of regensburg,germany
university of tubingen,germany
university of wurzburg,germany
NA,germany
forest research institute,greece
institute of marine biology of crete,greece
national and kapodistrian university,greece
university of athens,greece
university of azores,greece
university of hong kong,hong kong
university of iceland,iceland
ashoka trust for research in ecology and environment,india
french institute of pondicherry,india
indian forest service,india
indian institute of science,india
jawaharlal nehru university,india
kerala agricultural university,india
kerala forest research institute,india
national centre for biological sciences,india
pondicherry university,india
suny stony brook,india
university of agricultural science bangalore,india
wildlife conservation society,india
wildlife institute of india,india
cifor center for international forestry research,indonesia
fauna and flora international,indonesia
nature conservancy,indonesia
people and nature consulting international,indonesia
agriculture and food development authority,ireland
national center for agriculture and veterinary biotechnology,ireland
national university of ireland,ireland
trinity college botanic garden,ireland
university college cork,ireland
university college dublin,ireland
ben gurion university of negev,israel
hebrew university of jerusalem,israel
israel nature and national parks protection authority,israel
pen patr,israel
technion israel institute of technology,israel
tel aviv university,israel
university of haifa,israel
university of haifa oranim,israel
weizmann institute of science,israel
fao food and agriculture organization,italy
istituto sperimentale per la selvicoltura,italy
ministry of environment,italy
politecnico di milano,italy
ponteficio collegio irlandese,italy
seconda universita,italy
universita camerino,italy
university of bari,italy
university of bologna,italy
university of pavia,italy
university of salento,italy
university of trieste,italy
university of urbino,italy
world wildlife fund,italy
forestry and forest products research institute,japan
graduate university for advanced studies,japan
himeji city aquarium,japan
hiroshima university,japan
hokkaido university,japan
kagoshima university,japan
kyoto university,japan
kyushu university,japan
marine parks center of japan,japan
osaka city university,japan
tohoku university,japan
tokai gakuen university,japan
tokyo university of agriculture,japan
university of tokyo,japan
yokohama national university,japan
NA,japan
international center for research in agroforestry,kenya
international centre of insect physiology and ecology,kenya
moi university,kenya
wildlife conservation society,kenya
university of daugavpils,latvia
flinders university,malaysia
forest research lnstitute malaysia,malaysia
monash university,malaysia
university kebangsaan,malaysia
university of malaysia,malaysia
university of sains,malaysia
worldfish centre,malaysia
cinvestav irapuato,mexico
colegio de la frontera sur ecosur,mexico
instituto de ecologia ac,mexico
universidad autonoma de yucatan,mexico
universidad nacional autonoma de mexico,mexico
yucatan center for scientific research,mexico
agroscope,netherlands
biological station wijster,netherlands
catholic university,netherlands
center for agrobiological research,netherlands
institute for forestry and nature research,netherlands
international institute for aerospace survey and earth sciences,netherlands
naturalis biodiversity center,netherlands
netherlands institute of ecology nioo knaw,netherlands
netherlands institute of technology,netherlands
radboud university nijmegen,netherlands
research institute for agrobiology and soil fertility,netherlands
research institute for nature management,netherlands
royal netherlands institute for sea research,netherlands
tropenbos international,netherlands
unaffiliated,netherlands
university of amsterdam,netherlands
university of groningen,netherlands
university of leiden,netherlands
utrecht university,netherlands
vrije universiteit amsterdam,netherlands
wageningen environmental research (alterra),netherlands
wageningen university and instituto boliviano de investigacion forestal,netherlands
wageningen university and research,netherlands
wl delft hydraulics,netherlands
agresearch,new zealand
auckland university of technology,new zealand
department of scientific and industrial research,new zealand
dsir land resources,new zealand
ecological research associates of new zealand,new zealand
landcare research ltd,new zealand
lincoln university,new zealand
manaaki whenua landcare research,new zealand
massey university,new zealand
national institute of water and atmospheric research,new zealand
new zealand research centre for urban ecology,new zealand
university of auckland,new zealand
university of canterbury,new zealand
university of otago,new zealand
university of waikato,new zealand
victoria university of wellington,new zealand
paso pacifico,nicaragua
obafemi awolowo university,nigeria
university of ibadan,nigeria
university of ife,nigeria
queens university belfast,northern ireland
university of ulster,northern ireland
agricultural university of norway,norway
botanical museum,norway
institute of geology and biology,norway
institute of nature conservation,norway
norwegian institute for nature research,norway
norwegian university of science and technology,norway
university of bergen,norway
university of oslo,norway
university of tromso,norway
university of trondheim,norway
zoological museum,norway
universidad nacional agraria,peru
jagiellonian university,poland
nicholas copernicus university,poland
polish academy of science,poland
university lodz,poland
university of bialystok,poland
wrcoclaw university,poland
gulbenkian institute,portugal
center for energy and environmental research,puerto rico
university of puerto rico,puerto rico
usfs international institute of tropical forestry,puerto rico
seoul national university,republic of korea
center of biological and ecological sciences,russia
institute of animal evolutionary morphology and ecology,russia
ministry of agriculture of ussr,russia
moscow state university,russia
science academy of ussr,russia
siberian branch of academy of sciences,russia
siberian central botanical garden,russia
national university of singapore,singapore
singapore botanic gardens,singapore
center of biological and ecological sciences,slovakia
institute for landscape ecology of slovak academy of sciences,slovakia
kruger national park,south africa
national botanical institute,south africa
north west university,south africa
percy fitzpatrick institute of african ornithology,south africa
south african national parks,south africa
university of cape town,south africa
university of fort hare,south africa
university of kwazulu natal,south africa
university of orange free state,south africa
university of port elizabeth,south africa
university of pretoria,south africa
university of stellenbosch,south africa
university of witwatersrand,south africa
centro de ciencias medioambientales,spain
csic donana biological station,spain
csic estacion experimental de zonas aridas,spain
csic ipna,spain
csic mediterranean institute for advanced studies,spain
csic national museum of natural sciences,spain
csic uib,spain
csic upv ingenio,spain
csic uv instituto de biolog√≠a integrativa de sistemas,spain
csic zaidin experimental station,spain
ets ingenieros de montes,spain
instituto de recursos naturales e agrobiologia,spain
national museum of natural sciences,spain
universidad autonoma,spain
universidad complutense,spain
universidad de alicante,spain
universidad de la laguna,spain
universidad de vigo,spain
universidad politecnica de madrid,spain
universidad rey juan carlos,spain
university of granada,spain
university pompeu fabra,spain
university of peradeniya,sri lanka
beijer international institute of ecological economics,sweden
cec lund,sweden
lund university,sweden
royal swedish academy of agriculture and forestry,sweden
stockholm international peace research institute,sweden
stockholm resilience centre,sweden
swedish university of agricultural sciences,sweden
university of stockholm,sweden
university of umea,sweden
university of uppsala,sweden
university of vaxjo,sweden
eawag swiss federal institute of aquatic science and technology,switzerland
eth swiss federal institute of technology zurich,switzerland
international union for conservation of nature and natural resources,switzerland
systematisches geobotanisches institut und botanischer garten,switzerland
university of basel,switzerland
university of bern,switzerland
university of lausanne,switzerland
university of neuchatel,switzerland
university of potsdam,switzerland
university of zurich,switzerland
university of zurich irchel,switzerland
wsl swiss federal institute for forest snow and landscape research birmensdorf,switzerland
wsl swiss federal institute for snow and avalanche research davos,switzerland
zoological institute,switzerland
national taipei university,taiwan
africa plant seeds international,tanzania
university of dar es salaam,tanzania
ministry of technology environment and sciences,thailand
budongo conservation field station,uganda
makarere university,uganda
aberystwyth university,united kingdom
afrc institute for grassland and animal production,united kingdom
bangor university,united kingdom
birdlife international,united kingdom
bournemouth university,united kingdom
british museum of natural history,united kingdom
british trust for ornithology,united kingdom
cardiff university,united kingdom
central electricity research laboratories,united kingdom
central science laboratory,united kingdom
centre for ecology and hydrology,united kingdom
chris britton consultancy,united kingdom
commonwealth secretariat,united kingdom
cranfield university,united kingdom
durham university,united kingdom
ecoscience scotland,united kingdom
english nature,united kingdom
fauna and flora international,united kingdom
forestry comission northern research station,united kingdom
forestry commission,united kingdom
freshwater biological association,united kingdom
freshwater fish laboratory,united kingdom
game conservancy,united kingdom
imperial college london,united kingdom
imperial college silwood park,united kingdom
institute of marine environment and resources,united kingdom
institute of science and technology,united kingdom
institute of terrestrial ecology,united kingdom
institute of zoology,united kingdom
iucn conservation centre,united kingdom
john innes center,united kingdom
joint nature conservation committee,united kingdom
journal of tropical ecology,united kingdom
kings college london,united kingdom
lancaster university,united kingdom
liverpool john moores university,united kingdom
lts international ltd,united kingdom
macaulay land use research institute,united kingdom
manchester metropolitan university,united kingdom
marine biological association,united kingdom
marine biological association of united kingdom lab,united kingdom
marshall agroecology,united kingdom
merlewood research station,united kingdom
monks wood experiment station,united kingdom
national museums scotland,united kingdom
natural history museum london,united kingdom
nerc british antarctic survey,united kingdom
nerc centre for ecology and hydrology bailrigg,united kingdom
nerc centre for ecology and hydrology banchory,united kingdom
nerc centre for ecology and hydrology edinburgh,united kingdom
nerc centre for ecology and hydrology monks wood,united kingdom
nerc centre for ecology and hydrology wallingford,united kingdom
nerc centre for population biology,united kingdom
nerc sea mammal research unit,united kingdom
newcastle university,united kingdom
open university,united kingdom
oxford brookes university,united kingdom
pennsylvania state university,united kingdom
plant breeding institute,united kingdom
plymouth marine laboratory,united kingdom
plymouth university,united kingdom
queen mary university of london,united kingdom
rothamsted research,united kingdom
royal botanic garden edinburgh,united kingdom
royal botanic gardens kew,united kingdom
royal holloway university of london,united kingdom
royal society for protection of birds,united kingdom
scottish agricultural college,united kingdom
scottish natural heritage,united kingdom
silsoe research institute,united kingdom
soafd fisheries laboratory,united kingdom
swansea university,united kingdom
unaffiliated,united kingdom
university college london,united kingdom
university college of north wales,united kingdom
university college of north west bangor,united kingdom
university of aberdeen,united kingdom
university of birmingham,united kingdom
university of bristol,united kingdom
university of cambridge,united kingdom
university of dundee,united kingdom
university of east anglia,united kingdom
university of edinburgh,united kingdom
university of essex,united kingdom
university of exeter,united kingdom
university of exeter cornwall,united kingdom
university of exeter penryn,united kingdom
university of glasgow,united kingdom
university of hull,united kingdom
university of kent,united kingdom
university of lancaster,united kingdom
university of leeds,united kingdom
university of leicester,united kingdom
university of liverpool,united kingdom
university of london,united kingdom
university of london westfield,united kingdom
university of manchester,united kingdom
university of nottingham,united kingdom
university of oxford,united kingdom
university of plymouth,united kingdom
university of reading,united kingdom
university of sheffield,united kingdom
university of southampton,united kingdom
university of st andrews,united kingdom
university of stirling,united kingdom
university of strathclyde,united kingdom
university of sussex,united kingdom
university of ulster jordanstown,united kingdom
university of wales,united kingdom
university of warwick,united kingdom
university of wolverhampton,united kingdom
university of york,united kingdom
zoological society of london,united kingdom
NA,united kingdom
academy of natural science philadelphia,usa
american museum of natural history,usa
antioch new england graduate school,usa
appalachian environmental laboratory,usa
appalachian state university,usa
applied biomathematics,usa
archbold biological station,usa
archipelago consulting,usa
arizona state university,usa
arizona state university west campus,usa
auburn university,usa
basf,usa
baylor university,usa
bbl inc,usa
boston university,usa
boston university marine program,usa
botanical society of america,usa
bowdoin college,usa
bowling green state university,usa
brigham young university,usa
brown university,usa
california academy of sciences,usa
california state university bakersfield,usa
california state university dominguez hills,usa
california state university long beach,usa
california state university sacramento,usa
carnegie institution of washington,usa
carnegie museum of natural history,usa
carthage college,usa
cary institute of ecosystem studies,usa
case western reserve university,usa
center for humans and nature,usa
christopher newport university,usa
clark university,usa
clemson university,usa
colgate university,usa
college of atlantic,usa
college of new jersey,usa
college of william and mary,usa
colorado division of wildlife,usa
colorado state university,usa
columbia university,usa
conservation international,usa
conservation science partners,usa
consortium for conservation medicine,usa
cornell university,usa
cuny college of staten island,usa
cuny lehman college,usa
dartmouth college,usa
delaware state university,usa
doe brookhaven national laboratory,usa
doe los alamos national laboratory,usa
doe oak ridge national laboratory,usa
drexel university,usa
duke university,usa
east carolina university,usa
eastern illinois university,usa
ecoadapt,usa
ecohealth alliance,usa
ecosystems center,usa
emory university,usa
entrix,usa
environmental defense fund,usa
evergreen state college,usa
ferrum college,usa
field museum of natural history,usa
florida institute of technology,usa
florida international university,usa
florida state university,usa
fordham university,usa
fort lewins college,usa
franklin and marshall,usa
gainesville college,usa
george mason university,usa
george washington university,usa
georgia institute of technology,usa
georgia southern university,usa
georgia state university,usa
grinnell college,usa
harvard university,usa
idaho state university,usa
illinois natural history survey,usa
illinois state university,usa
indiana state university,usa
indiana university bloomington,usa
international crane foundation,usa
iowa state university,usa
john carroll university,usa
kansas state university,usa
kent state university,usa
kenyon college,usa
kewalo marine lab,usa
klamath center for conservation research,usa
l c lee and associates inc,usa
lake forest college,usa
louisiana state university,usa
manomet observatory,usa
marine biological laboratory,usa
marshall university,usa
mcmaster university,usa
meadowcreek project,usa
miami university,usa
michigan state university,usa
michigan technological university,usa
milwaukee public museum,usa
missouri botanical garden,usa
montana state university,usa
mount holyoke college,usa
national audubon society,usa
national cancer institute,usa
national center for atmospheric research,usa
national center for ecological analysis and synthesis,usa
national council for air and stream improvement,usa
national fish and wildlife forensics laboratory,usa
national marine fisheries service,usa
national park service,usa
nature conservancy,usa
new college of university of south florida,usa
new england aquarium,usa
new england wild flower society,usa
new mexico state university,usa
new york botanical garden,usa
new york university,usa
new york zoological society,usa
noaa,usa
north carolina state university,usa
north dakota state university,usa
northeastern university,usa
northern arizona university,usa
northern illinois university,usa
northwestern university,usa
oberlin college,usa
ohio state university,usa
ohio university,usa
oklahoma museum of natural history,usa
oklahoma state university,usa
old dominion university,usa
oregon state university,usa
paso pacifico,usa
pennsylvania state university,usa
pepperdine university,usa
portland state university,usa
prescott college,usa
princeton university,usa
purdue university,usa
rensselaer polytechnic institute,usa
rice university,usa
rutgers university,usa
samuel roberts noble foundation,usa
san diego state university,usa
san francisco state university,usa
santa fe institute,usa
smith college,usa
smithsonian environmental research center,usa
smithsonian institution,usa
smithsonian institution national museum of natural history,usa
smithsonian national museum of natural history,usa
smithsonian national zoological park,usa
smithsonian tropical research institute,usa
south dakota state university,usa
southern illinois university,usa
southwest texas state university,usa
st louis university,usa
stanford university,usa
suny albany,usa
suny binghamton,usa
suny college of environmental science and forestry,usa
suny stony brook,usa
syracuse university,usa
temple inland forest,usa
texas a and m university,usa
texas state university,usa
texas tech university,usa
truman state university,usa
tufts university,usa
tulane university,usa
unity college,usa
university of akron,usa
university of alabama,usa
university of alabama huntsville,usa
university of alaska anchorage,usa
university of alaska fairbanks,usa
university of arizona,usa
university of buffalo,usa
university of california berkeley,usa
university of california danr,usa
university of california davis,usa
university of california irvine,usa
university of california los angeles,usa
university of california merced,usa
university of california riverside,usa
university of california san diego,usa
university of california santa barbara,usa
university of california santa cruz,usa
university of central florida,usa
university of chicago,usa
university of cincinnati,usa
university of colorado boulder,usa
university of connecticut,usa
university of denver,usa
university of florida,usa
university of georgia,usa
university of georgia athens,usa
university of hawaii hilo,usa
university of hawaii manoa,usa
university of houston,usa
university of idaho,usa
university of illinois,usa
university of illinois chicago,usa
university of iowa,usa
university of kansas,usa
university of kentucky,usa
university of louisville,usa
university of maine,usa
university of maryland,usa
university of maryland baltimore county,usa
university of massachusetts amherst,usa
university of massachusetts boston,usa
university of miami,usa
university of michigan,usa
university of minnesota duluth,usa
university of minnesota twin cities,usa
university of mississippi,usa
university of missouri columbia,usa
university of missouri st louis,usa
university of montana,usa
university of nebraska lincoln,usa
university of nevada las vegas,usa
university of nevada reno,usa
university of new mexico,usa
university of new orleans,usa
university of north carolina chapel hill,usa
university of north carolina charlotte,usa
university of north carolina wilmington,usa
university of north dakota,usa
university of north dakota grand forks,usa
university of north texas,usa
university of notre dame,usa
university of oklahoma,usa
university of oregon,usa
university of pennsylvania,usa
university of pittsburgh,usa
university of rhode island,usa
university of richmond,usa
university of rochester,usa
university of south carolina aiken,usa
university of south carolina columbia,usa
university of south dakota,usa
university of south florida,usa
university of southern california,usa
university of southern maine,usa
university of southwestern louisiana,usa
university of st thomas,usa
university of tennessee,usa
university of texas arlington,usa
university of texas austin,usa
university of texas san antonio,usa
university of toledo,usa
university of utah,usa
university of vermont,usa
university of virginia,usa
university of washington bothell,usa
university of washington seattle,usa
university of west florida,usa
university of wisconsin eauniversity of claire,usa
university of wisconsin madison,usa
university of wisconsin milwaukee,usa
university of wisconsin parkside,usa
university of wyoming,usa
usda agricultural research service,usa
usda cooperative state research education and extension service,usa
usepa environmental protection agency,usa
usfs institute of pacific islands dorestry,usa
usfs international institute of tropical forestry,usa
usfs northern research station,usa
usfs pacific northwest research station,usa
usfs pacific southwest research station,usa
usfs research and development,usa
usfs rocky mountain research station,usa
usfs southern research station,usa
usfws united states fish and wildlife service,usa
usgs forest and rangeland ecosystem science center,usa
usgs national resources inventory,usa
usgs national wetlands research center,usa
usgs patuxent wildlife research center,usa
usgs western ecological research center,usa
usonr naval research laboratory,usa
utah state university,usa
vanderbilt university,usa
virginia commonwealth university,usa
virginia polytechnic institute and state university,usa
wake forest university,usa
washington and lee university,usa
washington park zoo,usa
washington state university,usa
washington university in st louis,usa
wayne state university,usa
wesleyan university,usa
west virginia university,usa
western ecosystem technology,usa
western michigan university,usa
western sydney university,usa
western washington university,usa
westing associates,usa
wichita state university,usa
wilderness society,usa
wildlife conservation society,usa
wildlife preservation trust international,usa
willamette university,usa
williams college,usa
woods hole oceanographic institution,usa
world resources institute,usa
world wildlife fund,usa
wsp environmental strategies,usa
yale university,usa
zoological society of san diego,usa
instituto venezolano de investigaciones cientificas,venezuela
mount makulu research station,zambia
