inst_eb,counter
NA,NA
university of southwestern louisiana,506
engref french national school of forestry,510
european forestry institute,512
csiro ecosystem sciences,515
royal veterinary and agricultural university,517
appalachian environmental laboratory,519
helmholtz centre for environmental research ufz,520
rice research and extension center,523
james cook university townsville,524
lts international ltd,529
biological dynamics of forest fragments project,530
northern territory university,531
manomet observatory,532
instituto nacional de pesquisas da amazonia,534
brunei museum,536
washington park zoo,538
usepa environmental protection agency,540
canadian forest products ltd,541
riso dtu national laboratory for sustainable energy,542
station detudes des gorilles et chimpanzes,544
technical university of darmstadt,548
climate corporation,550
universidad simon bolivar,552
universite pierre et marie curie,553
usfs institute of pacific islands dorestry,557
laval university,559
universidad de vigo,560
laboratoire associe de modelisation des plantes,561
manaaki whenua landcare research,562
universidad de alicante,567
university of ghent,568
merlewood research station,570
southwest texas state university,571
wl delft hydraulics,572
institute for landscape ecology of slovak academy of sciences,573
fort lewins college,574
friedrich schiller university of jena,578
ducks ulimited canada,580
conicet centro nacional patagonico,582
new south wales national parks and wildlife service,583
cnrs institut des sciences de levolution montpellier,586
temple inland forest,587
nerc centre for population biology,589
singapore botanic gardens,595
naturhistorisches museum wien,597
university of vaxjo,601
israel nature and national parks protection authority,603
university of georgia caes griffin campus,604
sundance ranch llc,606
soil health institute,607
rosepine research station,608
hasting reservation,612
lundy environmental consulting,617
usfs north central research station,618
universidade de brasilia,620
university of cost rica,621
oklahoma museum of natural history,622
universite de moncton,624
federal forest reseach center,627
max planck institute of biogeochemistry,629
university of tubingen,630
nerc centre for ecology and hydrology monks wood,631
kruger national park,633
wageningen environmental research (alterra),637
university of jyvaskyla,639
north carolina a and t state university,643
university of tromso,646
universite montpellier 2,647
universidade federal de lavras,651
academy of natural science philadelphia,652
l c lee and associates inc,653
universite joseph fourier,654
estonian agricultultural university,657
africa plant seeds international,659
usfs rocky mountain research station,660
inra national institute for agricultural research centre de nancy,661
university of stellenbosch,663
inra national institute for agricultural research,664
marshall agroecology,665
miller research llc,671
university of agricultural science bangalore,678
csic upv ingenio,682
cirad agricultural research centre for international development,684
colegio de la frontera sur ecosur,685
eth swiss federal institute of technology zurich,688
universidade de sao paulo,692
institut meereskunde,695
landolakes,696
potash corp,697
syngenta crop protection inc,699
