INST,INST_CORR,UNIT_CORR
Academica Sinica,Academia Sinica,
AgResearch,AgResearch Ltd,
Institute of Nature Conservation,Agricultural University of Norway,Department of Biology and Nature Conservation
Noura Ziadi,Agriculture and Agri Food Canada,
ART Research Station,Agroscope Reckenholz Tanikon Research Station,
Antioch New England Graduate School and National University of Rwanda,Antioch New England,Graduate School
ANUTECH Australian National University,ANUTECH,
Federal Forest Reseach Center,Austrian Research Centre for Forests,
Austrian Research Centre for Forests (BFW),Austrian Research Centre for Forests,
Beaverlodge res farm,Beverlodge Research Farm,
Boston University Marine Program,Boston University,Marine Program
Boyal Botanic Gatdens Edinburgh,Boyal Botanic Gardens Edinburgh,
California State University,California State University Fresno,
Moss Landing Marine Laboratories,California State University Moss Landing Marine Laboratories,
Service Canadien des Forets,Canadia Forest Service,
Carl von  University Oldenburg,Carl von Ossietzky Universitat Oldenburg,
Center for International Forestry Research CIFOR,Center for International Forestry Research,
CIFOR,Center for International Forestry Research,
Austral Center for Scientific Research,Centro Austral de Investigaciones Cientificas,
CIEP,Centro de Investigacion en Ecosistemas de la Patagonia,
CINVESTAV,Centro de Investigacion y de Estudios Avanzados del Instituto Politecnico Nacional,
Xishuangbanna Tropical Botanical Garden,Chinese Academy of Sciences,Xishuangbanna Tropical Botanical Garden
Chris Britton Consultancy Balfor Beatty,Chris Britton Consultancy Ltd,
Centre dEcologie des Ressources Renouvelables,CNRS Centre dEcologie des Ressources Renouvelables,CNRS Centre dEcologie des Ressources Renouvelables
Centre dEcologie Fonctionnelle et Evolutive,CNRS Centre dEcologie Fonctionnelle et Evolutive,
Centre dEcologie Fonctionnelle et Evolutive CNRS,CNRS Centre dEcologie Fonctionnelle et Evolutive,
Centre National de la Recherche Scientifique,CNRS Centre dEcologie Fonctionnelle et Evolutive,
CNRS Montellier,CNRS Centre dEcologie Fonctionnelle et Evolutive,
Roscoff Marine Station UPMC,CNRS Station Biologique de Roscoff ,
UMR EcoFoG,CNRS Unite mixte de recherche Ecologie des forets de Guyane,
Colegio de la Frontera Sur ECOSUR,Colegio de la Frontera Sur,
Columbia Universily,Columbia University,
Commonwealth Scientific and Industrial Research Organisation (CSIRO),Commonwealth Scientific and Industrial Research Organisation,
Centro Nacional Patagonico CONICET,CONICET Centro Nacional Patagonico,
Investigador CONICET,CONICET Instituto Argentino de Investigaciones de las Zonas Aridas,
Institute for Agricultural Plant Physiology and Ecology,CONICET Instituto de Investigaciones Fisiologicas y Ecologicas Vinculadas a la Agricultura,
Consejo Superior de Investigaciones Cientificas (),Consejo Superior de Investigaciones Cientificas,
Tropical Savannas Management Cooperative Research Centre and  Sustainable Ecosystems,Cooperative Research Centre Tropical Savannas Management,
CLEREL,Cornell University,Lake Erie Research And Extension Lab
CISC,CSIC Estacion Biologica Donana,
Donana Biological Station,CSIC Estacion Biologica Donana,
Estacion Biologica Donana,CSIC Estacion Biologica Donana,
Instituto de Recursos Naturalesand Agrobiologia,CSIC Instituto de Recursos Naturales y Agrobiologia Sevilla,
CISRO,CSIRO,
CSIRO,CSIRO,
Csiro Division of Wildlife And Ecology,CSIRO,
CSIRO Ecosystem Sciences,CSIRO,Ecosystem Sciences
CSIRO Land and Water,CSIRO,Land and Water
CSIRO Sustainable Ecosystems,CSIRO,Sustainable Ecosystems
CSIRO Wildlife and Ecology,CSIRO,Wildlife and Ecology
College of Staten Island CUNY,CUNY College of Staten Island,
French National School of Forestry ENGREF,Ecole Nationale des Eaux et Forets,
Ecole Normale Sup<82>rieure,Ecole Normale Superieure,
Eidgenossiche Technische Hochschule (ETH) Zurich,Eidgenossiche Technische Hochschule Zurich,
ETH Zurich,Eidgenossiche Technische Hochschule Zurich,
Brazilian Agricultural Research Corporation CIRAD,Empresa Brasileira de Pesquisa Agropecuaria,
St Lawrence Centre,Environment and Climate Change Canada,St Lawrence Centre
Federal Research Centre for Forestry and Forest Products BFH,Federal Research Centre for Forestry and Forest Products,
Food and Agriculture Organization FAO,Food and Agriculture Organization,
Forest Research lnstitute Malaysia (FRIM),Forest Research lnstitute Malaysia,
Forestry Comission Northern Research Station,Forestry Commission,Northern Research Station
French Agricultural Research Centre for International Development CIRAD,French Agricultural Research Centre for International Development,
Harvard University Arnold Arboretum,Harvard University,Arnold Arboretum
Humboldt University Berlin,Humboldt Universitat zu Berlin,
Imperial College,Imperial College London,
Imperial College Silwood Park,Imperial College London Silwood Park,
Imperial University,Imperial College London Silwood Park,
Indian Inst Science Bangalore,Indian Institute of Science,
Indian Institue of Science,Indian Institute of Science,
Indian Institute of Science,Indian Institute of Science,
Indiana University/Purdue University Fort Wayne,Indiana University Purdue University Fort Wayne,
IFREMER,Institut Francais de Recherche pour lexploitation de la Mer,
French National Institute for Agricultural Research Centre de Nancy,Institut National de la Recherche Agronomique,Centre Nancy
French National Institute for Agricultural Research INRA,Institut National de la Recherche Agronomique,
INRA,Institut National de la Recherche Agronomique,
Center of Biological and Ecological Sciences,Institute of Landscape Ecology of Slovak Academy of Sciences,
Institute for Landscape Ecology of Slovak Academy of Sciences,Institute of Landscape Ecology of Slovak Academy of Sciences,
INIBIOMA,Instituto de Investigaciones en Biodiversidad y Medioambiente,
IMEDEA,Instituto Mediterraneo de Estudios Avanzados,
Instituto mediterraneo de Estudios Avanzados (IMEDEA),Instituto Mediterraneo de Estudios Avanzados,
Instituto Nacional de Pesquisas da Amazonia INPA,Instituto Nacional de Pesquisas da Amazonia,
INTA,Instituto Nacional de Tecnologia Agropecua,
INTA EEA Oliveros,Instituto Nacional de Tecnologia Agropecua EEA Oliveros,
Centro de Ecologia,Instituto Venezolano de Investigaciones Cientificas,Centro de Ecologia
Instituto Venezolano Investigaciones Cientificas (IVIC),Instituto Venezolano de Investigaciones Cientificas,
Venezuelan Institute for Scientific Investigation,Instituto Venezolano Investigaciones Cientificas,
Intelligent Solutions Group (ISG),Intelligent Solutions Group ,
International Center for Research in Agroforestry ICRAF,International Center for Research in Agroforestry,
IUCN Conservation Centre,International Union for Conservation of Nature and Natural Resources,Conservation Centre
Analytics Iowa Soybean Association,Iowa Soybean Association,Analytics
Jaldin Botanique Nacional de Belgique,Jardin Botanique Nacional de Belgique,
Southwest Res. Ext. Center,Kansas State University ,Southwest Research and Extension Center
Khorasan Agricultural and Natural Resources Res Ctr,Khorasan Agricultural and Natural Resources Research Center,
Kings College,Kings College London,
Rosepine Research Station,Louisiana State University,Rosepine Research Station
School of Plant Environmental and Soil Sciences,Louisiana State University,School of Plant Environmental and Soil Sciences
Ludwig Maximilians Universit<84>t M<81>nchen,Ludwig Maximilians Universitat Munchen,
Christ Church,Manaaki Whenua Landcare Research,
Ecosystems Center,Marine Biological Laboratory,Ecosystems Center
Research and Development MWRDGC,Metropolitan Water Reclamation District of Greater Chicago,Research and Development
Mississippi State,Mississippi State University,
Mississippi State Univ,Mississippi State University,
Mississippi State University,Mississippi State University,
Southwest Missouri State University,Missouri State University,
Museo Paleontologico Egidio,Museo Paleontologico Egidio Feruglio,
Museum fu_r Naturkunde,Museum fur Naturkunde,
Labratory of General and Apllied Ichthyology,Museum National dHistoire Naturelle,Labratory of General and Apllied Ichthyology
National Natural History Museum Paris,Museum National dHistoire Naturelle,
NOAA,National Oceanic and Atmospheric Administration,
National res Inst of science and tech for env and agriculture,National Research Institute of Science and Technology for Environment and Agriculture,
NIOO,Netherlands Institue of Ecology,
Netherlands Institute of Ecology; Wageningen University and Research Centre,Netherlands Institute of Ecology,
Netherlands Institue of Ecology,Netherlands Institute of Ecology,
North Carolina A & T State University,North Carolina Agricultural and Technical State University,
Ohio,Ohio University,
Ohio University Main Campus,Ohio University,
La Selva Biological Station,Organization for Tropical Studies,La Selva Biological Station
Penn State University,Pennsylvania State University,
Pennsylvania,Pennsylvania State University,
PhiIipps University Marburg,PhiIipps University Marburg,
Philipps University Marburg,PhiIipps University Marburg,
Pioneer Hi Bred Intl Inc,Pioneer Hi Bred International Inc,
Pontifica Universidad Catolica de Chile,Pontificia Universidad Catolica de Chile,
Queens U,Queens University,
Queens University,Queens University,
Queens University Kingston,Queens University,
Radboud University,Radboud University Nijmegen,
Rothamsted Research North Wyke Research,Rothamsted Research,North Wyke Research
Royal Botanic Gardens,Royal Botanic Gardens Kew,
Royal Botanic Gardens Melbourne,Royal Botanic Gardens Kew,
Royal Holloway,Royal Holloway University of London,
Royal Veterinary andAgricultural University,Royal Veterinary and Agricultural University,
Academy of Sciences of Russia,Russian Academy of Sciences,
Institute of Animal Evolutionary Morphology and Ecology,Russian Academy of Sciences,Severtsov Institute of Evolutionary Animal Morphology and Ecology
Landscape Ecology Unit,"SDA Forest Service, North Central Research Station",
Smithsonian Institution,"SEIDENSTZICKER& Kleiman = Smithsonian National Zoological Park, Labandeira: Smithsonian National Museum of Natural History",
STRI,Smithsonian Tropical Research Institute,
State University of New York at Binghamton,State University of New York Binghamton,
Syracuse,State University of New York College of Environmental Science and Forestry,
Stony Brook University,State University of New York Stony Brook,
SLU,Swedish University of Agricultural Sciences,
Swiss Federal Institute for Forest Snow and Landscape Research,Swiss Federal Research Institute for Forest Snow and Landscape Research,
WSL Institute for Snow and Avalanche Research SFL,Swiss Federal Research Institute for Forest Snow and Landscape Research,
Swiss Federal Institute WSL,Swiss Federal Research Institute for Forest Snow and Landscape Research,
Swiss Federal Research Institute,Swiss Federal Research Institute for Forest Snow and Landscape Research,
Swiss Federal Research Institute WSL,Swiss Federal Research Institute for Forest Snow and Landscape Research,
Syngenta Crop Protection Inc,Syngenta Crop Protection Inc,
Syngenta Seeds Inc,Syngenta Seeds,
Texas AandM,Texas A & M University,
Texas AandM Univ.,Texas A & M University,
Texas AandM University,Texas A & M University,
Climate Corporation,The Climate Corporation,
Station Biologique de la Tour du Valat,Tour du Valat,
(Retired) Natural History Museum London,Unaffiliated,
Retired No Affiliation Listed,Unaffiliated,
Universidad Autonoma,Universidad Autonoma de Madrid,
Universidad Complutense,Universidad Complutense Madrid,
Facultad de Agronomia,Universidad de la Republica,Facultad de Agronomia
Universidad Nacional Aut<a2>noma de M<82>xico,Universidad Nacional Autonoma de Mexico,
Instituto de Biociencias,Universidade de Sao Paulo,Instituto de Biociencias
Univ. de Sao Paulo,Universidade de Sao Paulo,
Universidade de S?o Paulo,Universidade de Sao Paulo,
University of Sao Paulo,Universidade de Sao Paulo,
Universidade Estadual de Campinas (UNICAMP),Universidade Estadual de Campinas,
Sao Paulo State University,Universidade Estadual Paulista,
Universidade Estadual Paulista,Universidade Estadual Paulista Rio Claro,
Universidade Estadual Paulista (UNESP),Universidade Estadual Paulista Rio Claro,
Icbs Ufal And Oxford University,Universidade Federal de Alagoas,Instituto de Ciências Biológicas e da Saúde
Universidade Federal De Uberlandia,Universidade Federal de Uberlandia,
Museu Nacional,Universidade Federal do Rio de Janeiro Museu Nacional,Universidade Federal do Rio de Janeiro Museu Nacional
Universidade Federal do Rio Grande do Norte (UFRN),Universidade Federal do Rio Grande do Norte,
 UPV,Universitat Politecnica de Valencia,
"Universite de Montreal""",Universite de Montreal,
University of Sherbrooke,Universite de Sherbrooke,
University of Quebec in Abitibi Temiscamingue,Universite du Quebec en Abitibi Temiscamingue,
Institut Botanique,Universite Montpellier II,Institut Botanique
Universit¸æå£†º Montpellier II,Universite Montpellier II,
Universit<82> Paris Sud,Universite Paris Sud,
Universite de Paris Sud,Universite Paris Sud,
University Paris Sud 11,Universite Paris Sud,
Botanical Museum,University Botanical Garden,
Cork,University College Cork,
University of College,University College Dublin,
University College,University College London,
Universite du Quebec,University du Quebec a Montreal,
Aberdeen,University of Aberdeen,
Aberdeen University,University of Aberdeen,
University of Alabama,University of Alabama Tuscaloosa,
University of Alaska,University of Alaska Fairbanks,
Univ of Allahabad,University of Allahabad,
University of University Amsterdam,University of Amsterdam,
Rice Research and Extension Center,University of Arkansas,Rice Research and Extension Center
University of ArKansas,University of Arkansas Fayetteville,
University of British Columbia,University of British Columbia Vancouver,
Bodega Marine Laboratory,University of California Davis,Bodega Marine Laboratory
Scripps Institution of Oceanography,University of California San Diego,Scripps Institution of Oceanography
Evolution And Marine Biology University of California,University of California Santa Barbara,
University of Central ArKansas,University of Central Arkansas,
University of Colorado,University of Colorado Boulder,
University of Hawaii,University of Hawaii Manoa,
University of Illinois,University of Illinois Urbana Champaign,
Appalachian Environmental Laboratory,University of Maryland Center for Environmental Science,Appalachian Environmental Laboratory
University of Massachusetts,University of Massachusetts Amherst,
Northwest Research and Outreach Center,University of Minnesota,Northwest Research and Outreach Center
University of Minnesota,University of Minnesota Twin Cities,
University of Missouri,University of Missouri Columbia,
University of Natural Resources and Applied Life Sciences BOKU,University of Natural Resources and Life Sciences Vienna,
University of Nebraska,University of Nebraska Lincoln,
UNL,University of Nebraska Lincoln,
University of Nevada,University of Nevada Reno,
University of New England Armidale,University of New England,
University of North Carolina,University of North Carolina Chapel Hill,
Gainesville College,University of North Georgia,
Oklahoma University,University of Oklahoma,
Zoological Museum,University of Oslo,Natural History Museum
Oxford Forestry Institute,University of Oxford,Oxford Forestry Institute
Oxford University,University of Oxford,
Plant Sciences Department,University of Tennessee,Plant Sciences Department
versity of Tennessee,University of Tennessee,
University of Texas,University of Texas Austin,
University of Texas at Austin,University of Texas Austin,
Institute of Geology and Biology,University of Tromso,Institute of Geology and Biology
University of T_bingen,University of Tubingen,
Universit¸æçÉ†ºt Z¸æåì†ºrich Irchel,University of Zurich Irchel,
Evolutionary Biology Centre,Uppsala University,Evolutionary Biology Centre
University of Uppsala,Uppsala University,
US Army,US Army Engineer Research and Development Center ,Construction Engineering Research Laboratory
US Arid Land Agricultural Research Center,US Department of Agriculture,Arid Land Agricultural Research Center
USDA Agricultural Research Service,US Department of Agriculture,Agricultural Research Service
USDA ARS,US Department of Agriculture,Agricultural Research Service
Western Cotton Research Lab,US Department of Agriculture,Western Cotton Research Lab
Environmental Protection Agency,US Environmental Protection Agency,
US Fish and Wildlife Service National Wetlands Research Center,US Fish and Wildlife Service,National Wetlands Research Center
US Forest Service Pacific Southwest Research Station,US Forest Service,Pacific Southwest Research Station
US Forest Service Rocky Mountain Research Station,US Forest Service,Rocky Mountain Research Station
US Forest Service Southern Research Station,US Forest Service,Southern Research Station
US Forest Service USDA,US Forest Service,
US Geological Survey/NRII,US Geological Survey,NRII
US Geological Society,US Geological Survey,
US Geological Survey Patuxent Wildlife Research Center,US Geological Survey,Patuxent Wildlife Research Center
US Geological Survey Western Ecological Research Center,US Geological Survey,Western Ecological Research Center
Tidewater Agricultural Res and Ext Ctr,Virginia Polytechnic Institute and State University,Tidewater Agricultural Research and Extension Center
Vrije Universiteit,Vrije Universiteit Amsterdam,
Agricultural University,Wageningen University and Research,
Agricultural University Wageningen,Wageningen University and Research,
Wageningen Agricultural University,Wageningen University and Research,
Wageningen University,Wageningen University and Research,
Wageningen University and Research Centre,Wageningen University and Research,
Wageningen University Research Center Alterra,Wageningen University and Research,Wageningen Environmental Research Alterra
Washington State Univesrity,Washington State University,
Washington State Unviersity,Washington State University,
Wrcoclaw U,Wrcoclaw University,
Yale School of Forestry and Environmental Studies,Yale University,School of Forestry and Environmental Studies
Australian research center for urban ecology,Australian Research Center for Urban Ecology,
Carl von  University,Carl von Ossietzky Universitat Oldenburg,
Colorado Cooperative Fish and Wildlife Unit,US Geological Survey,Colorado Cooperative Fish and Wildlife Unit
Georgia Experiment Station,University of Georgia Griffin Campus,Georgia Experiment Station
Gorgan University of Agric Sci,Gorgan University of Agricultural Sciences and Natural Resources,
Khorasan Agricultural and Natural Resources Res Ctr,Khorasan Agricultural and Natural Resources Research Center,
Leuphana University of L<9f>neburg,Leuphana University of Luneburg,
Macaulay Institute,Macaulay Land Use Research Institute,
MacQuaire University,Macquarie University,
Macquarie University,Macquarie University,
Ministry of technology environment and sciences,Ministry of Technology Environment and Sciences,
Mississippi State Univ,Mississippi State University,
National res. Inst.Of science and tech. for env.And agriculture,Institut national de recherche en sciences et technologies pour lenvironnement et lagriculture,
NoInst,Unaffiliated,
Netherlands Institue of Ecology,Netherlands Institute of Ecology,
"SDA Forest Service, North Central Research Station",US Forest Service,North Central Research Station
"SEIDENSTZICKER& Kleiman = Smithsonian National Zoological Park, Labandeira: Smithsonian National Museum of Natural History",NA,
Siberian Branch of the Academy of Sciences,Russian Academy of Sciences Siberian Branch,
Siberian Central Botanical Garden,Central Siberian Botanical Garden,
Station DEtudes des Gorilles et Chimpanzes (SEGC),Station dEtudes des Gorilles et Chimpanzes,
Universidad Nacional Autonoma de M<82>xico,Universidad Nacional Autonoma de Mexico,
Universit<82> de Lausanne,Universite de Lausanne,
Universit<82> Montpellier II,Universite Montpellier II,
Universit<e9> de Montr<e9>al,Universite de Montreal,
Universit<e9> du Quebec,Universite du Quebec,
Universiti Sains,Universiti Sains Malaysia,
University of G<f6>ttingen,University of Gottingen,