"","INST","COUNTRY"
"1","Austral Center for Scientific Research","Argentina"
"2","Buenos Aires Futures and Options Exchange","Argentina"
"9","Centro de Investigaciones y Experiencias Forestales","Argentina"
"10","Centro Nacional Patagonico CONICET","Argentina"
"13","INIBIOMA","Argentina"
"14","Institute for Agricultural Plant Physiology and Ecology","Argentina"
"19","INTA","Argentina"
"22","INTA EEA Oliveros","Argentina"
"26","Investigador CONICET","Argentina"
"27","missing","Argentina"
"28","Museo De La Plata","Argentina"
"36","Museo Paleontologico Egidio","Argentina"
"41","National University of Rosario","Argentina"
"42","Universidad de Buenos Aires","Argentina"
"43","Universidad Nacional del Comahue","Argentina"
"50","University of Buenos Aires","Argentina"
"97","University of Buenos Aires and IFEVA","Argentina"
"98",NA,"Argentina"
"127","Adelaide","Australia"
"131","ANUTECH Australian National University","Australia"
"140","Australian Institute of Marine Science","Australia"
"151","Australian International Development Bureau","Australia"
"158","Australian Museum","Australia"
"168","Australian National Parks and Wildlife Service","Australia"
"170","Australian National University","Australia"
"224","Australian research center for urban ecology","Australia"
"225","BASF Plant Science","Australia"
"226","Canberra","Australia"
"240","Charles Darwin University","Australia"
"253","CISRO","Australia"
"254","CISRO Sustainable Ecosystems","Australia"
"255","Columbia University","Australia"
"256","Commonwealth Scientific and Industrial Research Organisation","Australia"
"283","Commonwealth Scientific and Industrial Research Organisation (CSIRO)","Australia"
"292","CSIRO","Australia"
"339","CSIRO Division of Wildlife And Ecology","Australia"
"352","CSIRO Ecosystem Sciences","Australia"
"355","CSIRO European Laboratory","Australia"
"358","CSIRO Land and Water","Australia"
"367","CSIRO Marine and Atmospheric Research","Australia"
"368","CSIRO Plant Industry","Australia"
"383","CSIRO Sustainable Ecosystems","Australia"
"400","CSIRO Wildlife and Ecology","Australia"
"402","Curtin University of Technology","Australia"
"404","Deakin University","Australia"
"410","Department of Agriculture and Water Resources","Australia"
"415","Department of Conservation and Land Management","Australia"
"419","Edith Cowan University","Australia"
"423","Forests Department of Western Australia","Australia"
"433","Griffith University","Australia"
"448","Havel Land Consultants","Australia"
"450","James Cook University","Australia"
"490","James Cook University Townsville","Australia"
"494","Kings Park and Botanic Gardens","Australia"
"495","La Trobe University","Australia"
"536","MacQuaire University","Australia"
"538","Macquarie University","Australia"
"548","Max Planck Institute for Demographic Research","Australia"
"550","missing","Australia"
"589","Monash","Australia"
"592","Monash University","Australia"
"619","Murdoch University","Australia"
"628","New South Wales Evironment and Conservation","Australia"
"629","New South Wales National Parks and Wildlife Service","Australia"
"635","no one by this name","Australia"
"636","NoInst","Australia"
"637","Northern Territory University","Australia"
"644","Oxford University","Australia"
"647","Queensland","Australia"
"657","Riverina College of Advanced Education","Australia"
"660","Royal Botanic Gardens Melbourne","Australia"
"663","Royal Botanic Gardens Melbourne University of Melbourne","Australia"
"664","School of Biological Sciences","Australia"
"665","School of Environmental Science","Australia"
"669","Simon Fraser University","Australia"
"671","Southern Cross University","Australia"
"679","Sydney","Australia"
"684","Tropical Savannas Management Cooperative Research Centre and  Sustainable Ecosystems","Australia"
"687","University of Adelaide","Australia"
"704","University of Auckland","Australia"
"705","University of Canberra","Australia"
"706","University of Illinois Chicago","Australia"
"707","University of Kentucky","Australia"
"708","University of Melbourne","Australia"
"819","University of New England","Australia"
"831","University of New England Armidale","Australia"
"832","University of New South Wales","Australia"
"870","University of Pennsylvania","Australia"
"871","University of Queensland","Australia"
"926","University of Sydney","Australia"
"980","University of Tasmania","Australia"
"984","University of the Sunshine","Australia"
"985","University of Waikato","Australia"
"986","University of Western Australia","Australia"
"1001","University of Wollongong","Australia"
"1007","Vegetation Survey of Western Australia","Australia"
"1011","Victoria University of Wellington","Australia"
"1012","Victorian School of Forestry","Australia"
"1015","Vrije Universiteit Amsterdam","Australia"
"1017","Western Australian Ecology Centre","Australia"
"1021",NA,"Australia"
"1295","Austrian Research Centre for Forests (BFW)","Austria"
"1297","Federal Forest Reseach Center","Austria"
"1304","Innsbruck","Austria"
"1318","Max F. Perutz Laboratories","Austria"
"1321","Naturhistorisches Museum Wien","Austria"
"1322","University of Agricultural Sciences","Austria"
"1328","University of Natural Resources and Applied Life Sciences BOKU","Austria"
"1341","University of Pittsburgh","Austria"
"1344","University of Salzburg","Austria"
"1348","University of Veterinary Medicine","Austria"
"1349","University of Vienna","Austria"
"1354",NA,"Austria"
"1404","Antwerp","Belgium"
"1414","Jaldin Botanique Nacional de Belgique","Belgium"
"1419","Universite Libre de Bruxelles","Belgium"
"1420","University of Antwerp","Belgium"
"1437","University of Ghent","Belgium"
"1448","University of Leuven","Belgium"
"1456",NA,"Belgium"
"1480","Instituto Boliviano de Investigacion Forestal","Bolivia"
"1486","Universidad Mayor de San Simon Cochabamba","Bolivia"
"1490","University of Botswana","Botswana"
"1495","Biological Dynamics of Forest Fragments Project","Brazil"
"1502","Brazilian Agricultural Research Corporation CIRAD","Brazil"
"1512","Instituto de Biociencias","Brazil"
"1517","Instituto de Pesquisa Ambiental da Amazonia","Brazil"
"1518","Instituto de Pesquisas Tecnologicas do Estado de Sao Paulo","Brazil"
"1540","Instituto Nacional de Pesquisas da Amazonia","Brazil"
"1557","Instituto Nacional de Pesquisas da Amazonia INPA","Brazil"
"1561","missing","Brazil"
"1563","Museu Nacional","Brazil"
"1565","Sao Paulo State University","Brazil"
"1566","Univ. de Sao Paulo","Brazil"
"1573","Universidade de Brasilia","Brazil"
"1578","Universidade de S?o Paulo","Brazil"
"1581","Universidade Estadual de Campinas (UNICAMP)","Brazil"
"1594","Universidade Estadual Paulista","Brazil"
"1598","Universidade Estadual Paulista (UNESP)","Brazil"
"1602","Universidade Federal de Alagoas","Brazil"
"1603","Universidade Federal de Goias","Brazil"
"1609","Universidade Federal de Lavras","Brazil"
"1612","Universidade Federal De Uberlandia","Brazil"
"1614","Universidade Federal do Rio Grande do Norte (University of FloridaRN)","Brazil"
"1617","University of Sao Paulo","Brazil"
"1636",NA,"Brazil"
"1678","Icbs Ufal And Oxford University","Brazil And UK"
"1679","Brunei Museum","Brunei"
"1681","University of California Santa Diego","California"
"1682","Agriculture and Agri Food","Canada"
"1683","Agriculture and Agri Food Canada","Canada"
"1708","Alberta","Canada"
"1709","Beaverlodge res farm","Canada"
"1711","Brock University","Canada"
"1714","Canadian Forest Products Ltd","Canada"
"1718","Canadian Forest Service","Canada"
"1732","Carleton University","Canada"
"1743","Centre dEcologie Fonctionnelle et Evolutive","Canada"
"1744","Concordia University","Canada"
"1752","Dalhousie University","Canada"
"1760","DOUBLE CHECK","Canada"
"1764","Guelph","Canada"
"1766","Lakehead University","Canada"
"1767","Laval University","Canada"
"1770","McGill University","Canada"
"1812","McMaster University","Canada"
"1815","Memorial Uni of Newfoundland","Canada"
"1816","Memorial University of Newfoundland","Canada"
"1817","missing","Canada"
"1864","Mount St. Vicent Unviersity","Canada"
"1865","Newfoundland","Canada"
"1866","Newfoundland Forestry Center","Canada"
"1870","no one by this name","Canada"
"1871","Noura Ziadi","Canada"
"1874","Pacific Agri Food Research Centre","Canada"
"1875","Queens U","Canada"
"1880","Queens University","Canada"
"1891","Queens University Kingston","Canada"
"1892","Regina","Canada"
"1900","Rice University","Canada"
"1902","Sackville","Canada"
"1909","Saskatchewan","Canada"
"1917","Service Canadien des Forets","Canada"
"1921","Simon Fraser University","Canada"
"1956","Simon Fraser University","Canada"
"1959","St. Lawrence Centre","Canada"
"1963","Thompson Rivers University","Canada"
"1970","Toronto","Canada"
"1973","Trent University","Canada"
"1985","Université de Montréal","Canada"
"1987","Université du Quebec","Canada"
"1989","Universite de Moncton","Canada"
"1993","Universite de Montreal","Canada"
"1996","UniversitÃ© de Montreal","Canada"
"1997","Universite de Sherbrooke","Canada"
"2000","Universite Laval Quebec","Canada"
"2007","Universite of Montreal","Canada"
"2024","University du Quebec a Montreal","Canada"
"2031","University of Alberta","Canada"
"2108","University of British Columbia","Canada"
"2255","University of British Columbia Okanagan","Canada"
"2258","University of British Columbia Vancouver","Canada"
"2259","University of Calgary","Canada"
"2277","University of California-Davis","Canada"
"2278","University of Guelph","Canada"
"2334","University of Iowa","Canada"
"2346","University of Lethbridge","Canada"
"2353","University of Manitoba","Canada"
"2364","University of Maryland","Canada"
"2366","University of New Brunswick","Canada"
"2383","University of of Manitoba","Canada"
"2388","University of Ottawa","Canada"
"2397","University of Quebec in Abitibi Temiscamingue","Canada"
"2399","University of Regina","Canada"
"2427","University of Saskatchewan","Canada"
"2429","University of Sherbrooke","Canada"
"2440","University of St. Andrews","Canada"
"2441","University of the Witwatersrand","Canada"
"2442","University of Toronto","Canada"
"2563","University of Toronto Mississauga","Canada"
"2576","University of Victoria","Canada"
"2581","University of Waterloo","Canada"
"2590","University of Western Ontario","Canada"
"2597","University of Windsor","Canada"
"2600","University of Wyoming","Canada"
"2603","Vancouver","Canada"
"2616","XiteBio Technologies Inc","Canada"
"2620","York University","Canada"
"2624",NA,"Canada"
"2990","CIEP","Chile"
"2991","Duke University","Chile"
"2996","Pontifica Universidad Catolica de Chile","Chile"
"2997","Pontificia Universidad Catolica de Chile","Chile"
"3010","Santiago","Chile"
"3014","Universidad de Chile","Chile"
"3019","Universidad de Concepcion","Chile"
"3022","University of Chile","Chile"
"3026",NA,"Chile"
"3027","Academica Sinica","China"
"3045","Beijing","China"
"3047","Beijing Forestry University","China"
"3051","Beijing Normal University","China"
"3060","China Agricultural University","China"
"3069","Chinese Academy of Sciences","China"
"3106","Henan University","China"
"3107","Lanzhou University","China"
"3110","missing","China"
"3111","Nanjing Agricultural University","China"
"3115","Nanjing Forestry University","China"
"3127","National University of Singapore","China"
"3134","Peking University","China"
"3137","Pekinn","China"
"3138","Shandong Academy of Agricultural Sciences","China"
"3145","Sun Yat Sen University","China"
"3146","University of Hong Kong","China"
"3168","Xishuangbanna Tropical Botanical Garden","China"
"3178","Xishuangbanna Tropical Botanical Garden ","China"
"3180",NA,"China"
"3191","Bogota","Colombia"
"3192","University of Los Andes","Colombia"
"3195",NA,"Colombia"
"3196","Center for Tropical Agricultural Research and Education","Costa Rica"
"3219","Instituto Tecnologico de Costa Rica","Costa Rica"
"3224","La Selva Biological Station","Costa Rica"
"3227","Organization for Tropical Studies","Costa Rica"
"3232","Penn State University","Costa Rica"
"3236","Tropical Research and Training Center","Costa Rica"
"3238","Universidad de Costa Rica","Costa Rica"
"3241",NA,"Costa Rica"
"3246","Agricultural Institute Osijek","Croatia"
"3250","Czech Academy of Sciences","Czech Republic"
"3258","Institute of Animal Evolutionary Morphology and Ecology","Czech Republic"
"3259","University of Agriculture","Czech Republic"
"3264","University of Ceske Budejovice","Czech Republic"
"3265","University of South Bohemia","Czech Republic"
"3266",NA,"Czech Republic"
"3277",NA,"Czech Republicch Republic"
"3278","","Denmark"
"3282","Aarhus University","Denmark"
"3283","Copenhagen","Denmark"
"3296","Copenhagen University","Denmark"
"3306","Danish Forest and Landscape Research Institute","Denmark"
"3313","missing","Denmark"
"3320","National Environmental Research Institute","Denmark"
"3321","Riso DTUniversity of National Laboratory for Sustainable Energy","Denmark"
"3326","Roskilde University","Denmark"
"3336","Royal Veterinary and Agricultural University","Denmark"
"3348","Royal Veterinary andAgricultural University","Denmark"
"3350","Swiss Federal Research Institute WSL","Denmark"
"3355","University of Aarhus","Denmark"
"3368","University of Copenhagen","Denmark"
"3397","University of Tennessee","Denmark"
"3398",NA,"Denmark"
"3451","Agricultural Research Center","Egypt"
"3457","Alexandra University","Egypt"
"3458","(Retired) Natural History Museum London","England"
"3462","Ascot","England"
"3463","Bristol","England"
"3477","British Antarctic Survey","England"
"3479","Durham University","England"
"3484","Imperial College","England"
"3493","Lancaster","England"
"3504","Marine Biological Association","England"
"3520","missing","England"
"3522","Monks Wood Experiment Station","England"
"3528","N/A","England"
"3530","Natural History Museum","England"
"3538","Open University","England"
"3548","Reading","England"
"3561","Rothamsted Research","England"
"3562","Royal Holloway","England"
"3564","University of Cambridge","England"
"3589","University of East Anglia","England"
"3590","University of Exeter","England"
"3607","University of Kent","England"
"3612","University of London","England"
"3632","University of Oxford","England"
"3637","University of Sheffield","England"
"3683","University of Sussex","England"
"3687","York","England"
"3703","Zoological Society of London","England"
"3720","Estonian Agricultultural University","Estonia"
"3728","Tartu","Estonia"
"3738","Tartu University","Estonia"
"3743","University of Tartu","Estonia"
"3751",NA,"Estonia"
"3762","Addis Ababa University","Ethiopia"
"3765","Center of Marine Sciences of Algarve Universidade","Faro, Portugal"
"3766","South Pacific Fertilizers Ltd.","Fiji"
"3770","European Forestry Institute","Finland"
"3781","Finnish Environment Institute","Finland"
"3782","Finnish Forest Research Institute","Finland"
"3808","Kings College London","Finland"
"3809","no one by this name","Finland"
"3814","University of Helsinki","Finland"
"3921","University of Joensuu","Finland"
"3937","University of Jyvaskyla","Finland"
"3943","University of Oulu","Finland"
"3951","University of Turku","Finland"
"3970",NA,"Finland"
"4088"," Université Claude Bernard Lyon 1","France"
"4091","Centre dEcologie des Ressources Renouvelables","France"
"4092","Centre dEcologie Fonctionnelle et Evolutive CNRS","France"
"4104","Centre National de la Recherche Scientifique","France"
"4111","CNRS","France"
"4116","CNRS  Institut des Sciences de lEvolution Montpellier","France"
"4117","CNRS Centre dEcologie Fonctionnelle et Evolutive","France"
"4120","CNRS Montellier","France"
"4123","CSIRO European Laboratory","France"
"4125","CSIRO Sustainable Ecosystems","France"
"4129","double check","France"
"4143","Ecole Normale Sup<82>rieure","France"
"4144","Ecole Normale Superieure","France"
"4156","French Agricultural Research Centre for International Development CIRAD","France"
"4163","French National Institute for Agricultural Research Centre de Nancy","France"
"4169","French National Institute for Agricultural Research INRA","France"
"4174","French National School of Forestry ENGREF","France"
"4179","IFREMER","France"
"4180","Institut Botanique","France"
"4189","Institut national de recherche en sciences et technologies pour lenvironnement et lagriculture","France"
"4192","Laboratoire Arago","France"
"4197","Laboratoire Associe de Modelisation des Plantes (AMAP)","France"
"4201","Labratory of General and Apllied Ichthyology","France"
"4203","Luminy Universite d Aix Marseille","France"
"4204","missing","France"
"4208","Montpellier","France"
"4211","National History Museum Paris","France"
"4243","National Institute for Agronomic Research","France"
"4249","National Natural History Museum Paris","France"
"4256","Paul Sabatier University","France"
"4257","Roscoff Marine Station UPMC","France"
"4258","St. de Pytosociologie Fondamental","France"
"4260","Station Biologique de la Tour du Valat","France"
"4262","Universit‚ Montpellier II","France"
"4267","Universit<82> Paris Sud","France"
"4269","Universite Claude Bernard Lyons","France"
"4276","Universite de Montreal","France"
"4282","Universite de Nantes","France"
"4283","Universite de Paris Sud","France"
"4303","Universite de Rennes","France"
"4307","Universite Joseph Fourier","France"
"4315","UniversitÃ© Joseph Fourier","France"
"4318","Universite Montpellier","France"
"4331","Universite Montpellier II","France"
"4335","Universite Pierre Et Marie Curie","France"
"4340","University of Cambridge","France"
"4345","University of Toulouse","France"
"4350","University Paris Sud 11","France"
"4367",NA,"France"
"4538","INRA","French Guiana"
"4539","UMR EcoFoG","French Guiana"
"4541","Station DEtudes des Gorilles et Chimpanzes (SEGC)","Gabon"
"4557","Alfred Wegener Institut fur Polar und Meeresforschung","Germanny"
"4558","Albert Ludwigs UniversitatFreiburg","Germany"
"4561","Bavarian Forest National Park","Germany"
"4562","Carl von  University","Germany"
"4564","Carl von  University Oldenburg","Germany"
"4569","Christian Albrechts Universitat Kiel","Germany"
"4574","CINVESTAV","Germany"
"4578","Federal Research Center for Nature Conservation and Landscape Ecology","Germany"
"4587","Federal Research Centre for Forestry and Forest Products BFH","Germany"
"4595","Free University of Berlin","Germany"
"4600","Freie Universitï¿½t Berlin","Germany"
"4602","Haus Nr.9","Germany"
"4603","Helmholtz Centre for Environmental Research UFZ University of FloridaZ","Germany"
"4616","Humboldt University Berlin","Germany"
"4620","Humboldt University of Berlin","Germany"
"4625","International University Brennen","Germany"
"4629","J.W. Goethe University Frankfurt am Main","Germany"
"4632","Jena","Germany"
"4637","Justus Liebig Universitat","Germany"
"4638","Lehrstuhl fur Landschaftsokologie der Technischen Universitat Munchen","Germany"
"4639","Leibniz Centre for Agricultural Landscape Research","Germany"
"4643","Leibniz Institut fur Meereswissenschaften IFMGEOMAR","Germany"
"4644","Leibniz Institute for Zoo and Wildlife Research","Germany"
"4649","Leuphana University of LŸneburg","Germany"
"4651","Ludwig Maximilians Universit<84>t M<81>nchen","Germany"
"4653","Martin Luther University","Germany"
"4654","Max Planck Institute for Behavioral Physiology","Germany"
"4655","Max Planck Institute for Chemical Ecology","Germany"
"4660","Max Planck University","Germany"
"4665","missing","Germany"
"4706","MPI Jena","Germany"
"4713","Museum fu_r Naturkunde","Germany"
"4715","Oak Ridge National Laboratory","Germany"
"4726","PhiIipps University Marburg","Germany"
"4732","Philipps University Marburg","Germany"
"4740","Purdue University","Germany"
"4741","Salzburg University","Germany"
"4742","Technical University of Dresden","Germany"
"4754","Technische UniversitŠt Darmstadt","Germany"
"4756","Trier University","Germany"
"4759","TUniversity of Dresden","Germany"
"4762","Ulm","Germany"
"4765","United Nations University","Germany"
"4772","Universitat Osnabruck","Germany"
"4787","University of Bayreuth","Germany"
"4788","University of Bonn","Germany"
"4789","University of Bremen","Germany"
"4798","University of Cologne","Germany"
"4806","University of FloridaZ Centre for Environmental Research","Germany"
"4814","University of FloridaZ Centre for Environmental Research Leipzig Halle","Germany"
"4818","University of Freiburg","Germany"
"4835","University of Göttingen","Germany"
"4837","University of Gottingen","Germany"
"4857","University of Hamburg","Germany"
"4858","University of Iowa","Germany"
"4863","University of Kaiserslautern","Germany"
"4870","University of Leipzig","Germany"
"4874","University of Munich","Germany"
"4878","University of Oldenberg","Germany"
"4880","University of Oldenburg","Germany"
"4881","University of Potsdam","Germany"
"4889","University of Querzburg","Germany"
"4890","University of Regensburg","Germany"
"4903","University of T_bingen","Germany"
"4908","University of Trieste","Germany"
"4909","University of Ulm","Germany"
"4912","University of Western Ontario","Germany"
"4913","University of Wurzburg","Germany"
"4948","US Forest Service","Germany"
"4954","US Geological Survey/NRII","Germany"
"4964",NA,"Germany"
"5436","Forest Research Institute","Greece"
"5447","Institute of Marine Biology of Crete","Greece"
"5449","missing","Greece"
"5456","University of Thessaloniki","Greece"
"5460","University of Hong Kong","Hong Kong"
"5481",NA,"Iceland"
"5485","Ashoka Trust for Research in Ecology and the Environment","India"
"5489","Bidhan Chandra Krishi Viswavid","India"
"5496","Cranfield University","India"
"5497","French Institute of Pondicherry","India"
"5499","Indian Forest Service","India"
"5502","Indian Inst Science Bangalore","India"
"5507","Indian Institute of Science","India"
"5522","Jawaharlal Nehru University","India"
"5563","Kerala Agricultural University","India"
"5588","Kerala Forest Research Institute","India"
"5589","missing","India"
"5590","National Centre for Biological Sciences","India"
"5591","Pondicherry University","India"
"5595","Punjab Agricultural University","India"
"5602","Univ of Allahabad","India"
"5604","University of Agricultural Science Bangalore","India"
"5607","University of Delhi","India"
"5608","Wildlife Conservation Society","India"
"5615","Wildlife Institute of India","India"
"5618",NA,"India"
"5623","Center for International Forestry Research CIFOR","Indonesia"
"5642","CIFOR","Indonesia"
"5645","Fauna and Flora International","Indonesia"
"5647","Nature Conservancy","Indonesia"
"5651","People and Nature Consulting International","Indonesia"
"5653","Gorgan University of Agric. Sci.","Iran"
"5657","Khorasan Agricultural and Natural Resources Research Center","Iran"
"5660","Shahid Beheshti University","Iran"
"5662","Shahid Beheshti University","IRAN"
"5663","CISRO","Ireland"
"5668","Cork","Ireland"
"5681","National Center for Agriculture and Veterinary Biotechnology","Ireland"
"5686","National University of Ireland","Ireland"
"5687","Teagasc","Ireland"
"5688","Trinity College Botanic Garden","Ireland"
"5697","University College Cork","Ireland"
"5700","University College Dublin","Ireland"
"5726","University of College","Ireland"
"5727",NA,"Ireland"
"5754","Ben Gurion University of the Negev","Israel"
"5767","Hebrew University of Jerusalem","Israel"
"5772","Israel Nature and National Parks Protection Authority","Israel"
"5786","Technion Israel Institute of Technology","Israel"
"5796","Tel Aviv University","Israel"
"5812","University of Haifa","Israel"
"5823","University of Quebec in Abitibi Temiscamingue","Israel"
"5834","University of Tel Aviv","Israel"
"5835",NA,"Israel"
"5875","Food and Agriculture Organization FAO","Italy"
"5897","Instituto per lAmbiente Marino Costiero","Italy"
"5898","Istituto per lÂ¢Ambiente Marino Costiero","Italy"
"5899","Istituto Sperimentale per la Selvicoltura","Italy"
"5906","Laboratorio di Geologia Marina del C.N.R.","Italy"
"5907","Ministry of the Environment","Italy"
"5915","Ponteficio Collegio Irlandese","Italy"
"5916","Seconda Universita","Italy"
"5920","Stazione Zoologica Anton Dohrn","Italy"
"5928","Stazione Zoologica di Napoli Villa Acquario","Italy"
"5929","Stazione Zoologica di Napoli Villa Comunale","Italy"
"5930","Universita Camerino","Italy"
"5932","Universita degli Studi di Padova","Italy"
"5933","Universita di Genova","Italy"
"5934","Universita di Napoli","Italy"
"5935","Universita di Pisa","Italy"
"5936","Universita die Napoli ""Frederico II""","Italy"
"5937","University of Bologna","Italy"
"5944","University of Milano","Italy"
"5951","University of Pavia","Italy"
"5952","University of Salento","Italy"
"5956","University of Trieste","Italy"
"5977","University of Urbino","Italy"
"5980","Wageningen University and Research","Italy"
"5981","World Wildlife Fund","Italy"
"5994",NA,"Italy"
"6017","Ministry of the Environment","ITALY"
"6018","Forestry and Forest Products Research Institute","Japan"
"6020","Graduate University for Advanced Studies","Japan"
"6023","Himeji City Aquarium","Japan"
"6028","Hiroshima University","Japan"
"6031","Hokkaido","Japan"
"6041","Hokkaido University","Japan"
"6046","Kagoshima University","Japan"
"6048","Kyoto","Japan"
"6063","Kyoto University","Japan"
"6069","Kyushu University","Japan"
"6099","Marine Parks Center of Japan","Japan"
"6101","missing","Japan"
"6103","Osaka City University","Japan"
"6110","Texas Tech University","Japan"
"6115","Tohoku University","Japan"
"6140","Tokaigakuen University","Japan"
"6145","Tokyo University of Agriculture","Japan"
"6147","Universite de Montreal","Japan"
"6153","University of Tokyo","Japan"
"6155","Yokohama National University","Japan"
"6162",NA,"Japan"
"6228","African Agricultural Technology Foundation","Kenya"
"6235","International Center for Research in Agroforestry ICRAF","Kenya"
"6256","International Centre of Insect Physiology and Ecology","Kenya"
"6258","Moi University","Kenya"
"6267","Wildlife Conservation Society","Kenya"
"6269",NA,"Latvia"
"6272","Forest Research lnstitute Malaysia (FRIM)","Malaysia"
"6276","Monash University","Malaysia"
"6279","Universiti Sains","Malaysia"
"6285","University Kebangsaan","Malaysia"
"6288","University of Malaysia","Malaysia"
"6296",NA,"Malaysia"
"6306","CINVESTAV","Mexico"
"6307","Colegio de la Frontera Sur ECOSUR","Mexico"
"6320","Instituto de Ecologia A.C.","Mexico"
"6325","Universidad Autonoma de Yucatan","Mexico"
"6329","Universidad Nacional Aut<a2>noma de M<82>xico","Mexico"
"6330","Universidad Nacional Aut¢noma de M‚xico","Mexico"
"6332","Universidad Nacional Autonoma de M‚xico","Mexico"
"6338","Universidad Nacional Autonoma de Mexico","Mexico"
"6403",NA,"Mexico"
"6420","Queens University of Belfast","N. Ireland"
"6425","Agricultural University","Netherlands"
"6429","Agricultural University Wageningen","Netherlands"
"6433","ALTERRA Research Institute for the Green World","Netherlands"
"6435","Biological Centre","Netherlands"
"6436","Biological Station Wijster","Netherlands"
"6450","Catholic University","Netherlands"
"6452","CISRO","Netherlands"
"6453","Free University Amsterdam","Netherlands"
"6472","Helmholtz Centre for Environmental Research UFZ University of FloridaZ","Netherlands"
"6477","Institute of Forestry and Nature Research","Netherlands"
"6478","Leiden University","Netherlands"
"6490","missing","Netherlands"
"6509","Nederlands Institut voor Onderzoek der Zee","Netherlands"
"6510","Netherlands Institute for Sea Research","Netherlands"
"6514","Netherlands Institute of Ecology","Netherlands"
"6536","Netherlands Institute of Ecology; Wageningen University and Research Centre","Netherlands"
"6540","Netherlands Institute of Technology","Netherlands"
"6541","NIOO","Netherlands"
"6542","Ohio State University","Netherlands"
"6547","Radboud University","Netherlands"
"6563","Radboud University Nijmegen","Netherlands"
"6566","Research Institute for Agrobiology and Soil Fertility","Netherlands"
"6567","Research Institute for Nature Management","Netherlands"
"6578","Tropenbos International","Netherlands"
"6593","University of Amsterdam","Netherlands"
"6619","University of Groningen","Netherlands"
"6636","University of Leiden","Netherlands"
"6637","University of Stirling","Netherlands"
"6639","University of University Amsterdam","Netherlands"
"6644","University of Utrecht","Netherlands"
"6708","University of Zuidema","Netherlands"
"6709","US Forest Service","Netherlands"
"6715","Utrecht","Netherlands"
"6721","Utrecht University","Netherlands"
"6730","Vrije Universiteit","Netherlands"
"6771","Vrije Universiteit Amsterdam","Netherlands"
"6775","Wageningen","Netherlands"
"6785","Wageningen Agricultural University","Netherlands"
"6829","Wageningen Agricultural University and Research Center Alterra","Netherlands"
"6830","Wageningen University","Netherlands"
"6875","Wageningen University and Instituto Boliviano de Investigacion Forestal","Netherlands"
"6876","Wageningen University and Research","Netherlands"
"6888","Wageningen University and Research Centre","Netherlands"
"6895","Wageningen University Research Center Alterra","Netherlands"
"6901","WL Delft Hydraulics","Netherlands"
"6907",NA,"Netherlands"
"7065","AgResearch","New Zealand"
"7068","AgResearch Ltd","New Zealand"
"7070","Auckland","New Zealand"
"7081","Christ Church","New Zealand"
"7095","Christchurch","New Zealand"
"7103","Department of Scientific and Industrial Research","New Zealand"
"7121","Ecological Research Associates of New Zealand","New Zealand"
"7129","Landcare Research Ltd","New Zealand"
"7131","Lincoln University","New Zealand"
"7134","Manaaki Whenua Landcare Research","New Zealand"
"7177","Massey","New Zealand"
"7179","Massey University","New Zealand"
"7185","missing","New Zealand"
"7217","National Institute of Water and Atmospheric Research","New Zealand"
"7225","New Zealand Research Centre for Urban Ecology","New Zealand"
"7228","no one by this name","New Zealand"
"7229","University of Auckland","New Zealand"
"7257","University of Canterbury","New Zealand"
"7300","University of Otago","New Zealand"
"7307","University of Waikato","New Zealand"
"7309","Victoria University of Wellington","New Zealand"
"7333","Waikato University","New Zealand"
"7336",NA,"New Zealand"
"7369","Paso Pacifico","Nicaragua"
"7373","Obafemi Awolowo University","Nigeria"
"7378","University of ibadan","Nigeria"
"7388","University of Ife","Nigeria"
"7394","Queens University of Belfast","Northern Ireland"
"7399","Ulster","Northern Ireland"
"7401","Agricultural University of Norway","Norway"
"7420","Botanical Museum","Norway"
"7428","Institute of Geology and Biology","Norway"
"7436","Institute of Nature Conservation","Norway"
"7443","Norwegian Institute for Nature Research","Norway"
"7446","Norwegian University of Science and Technology","Norway"
"7449","University of Alaska","Norway"
"7450","University of Bergen","Norway"
"7479","University of Oslo","Norway"
"7500","University of Tromso","Norway"
"7510","Zoological Museum","Norway"
"7520",NA,"Norway"
"7597","Chinese Academy of Sciences","P.R. China"
"7600","Smithsonian Tropical Research Institute","Panama"
"7617","STRI","Panama"
"7620",NA,"Panama"
"7637","Universidad Nacional Agraria","Peru"
"7641",NA,"Philippines"
"7642","Bialystok","Poland"
"7649","Krakow","Poland"
"7659","Polish Academy of Science","Poland"
"7670","University Lodz","Poland"
"7674","Wrcoclaw U","Poland"
"7682",NA,"Poland"
"7692","Gulbenkian Institute","Portugal"
"7695","University of Texas","Portugal"
"7696","Center for Energy and Environmental Research","Puerto Rico"
"7697","Institute of Tropical Forestry","Puerto Rico"
"7701","University of Puerto Rico","Puerto Rico"
"7704","US Forest Service","Puerto Rico"
"7711","Seoul","Republic of Korea"
"7714","Academy of Sciences of Russia","Russia"
"7715","Institute of Animal Evolutionary Morphology and Ecology","Russia"
"7718","Ministry of Agriculture of the USSR","Russia"
"7720","Moscow State University","Russia"
"7723","Science Academy of the USSR","Russia"
"7724","Siberian Branch of the Academy of Sciences","Russia"
"7729","Siberian Central Botanical Garden","Russia"
"7732","University of Nottingham","Russia"
"7737","Antioch New England Graduate School and National University of Rwanda","Rwanda"
"7743","Dundee","Scotland"
"7763","National Museums Scotland","Scotland"
"7770","University of Aberdeen","Scotland"
"7787","University of Edinburgh","Scotland"
"7800","University of Saint Andrews","Scotland"
"7805","University of Stirling","Scotland"
"7806",NA,"Scotland"
"7809","National University of Singapore","Singapore"
"7832","Singapore Botanic Gardens","Singapore"
"7836",NA,"Singapore"
"7839","Center of Biological and Ecological Sciences","Slovakia"
"7840","Institute for Landscape Ecology of Slovak Academy of Sciences","Slovakia"
"7844","University of Nottingham","Slovakia"
"7850","DOUBLE CHECK","South Africa"
"7852","Kruger National Park","South Africa"
"7857","missing","South Africa"
"7867","National Botanical Institute","South Africa"
"7874","North West University","South Africa"
"7876","Percy FitzPatrick Institute of African Ornithology","South Africa"
"7897","Pretoria","South Africa"
"7899","South African National Parks","South Africa"
"7900","Stellenbosch University","South Africa"
"7903","University of Cape Town","South Africa"
"7951","University of KwaZulu Natal","South Africa"
"7957","University of Natal","South Africa"
"7968","University of Orange Free State","South Africa"
"7974","University of Port Elizabeth","South Africa"
"7981","University of Pretoria","South Africa"
"8000","University of Stellenbosch","South Africa"
"8040","University of the Witwatersrand","South Africa"
"8049",NA,"South Africa"
"8071","CISC","Spain"
"8073","Ciudad Universitaria","Spain"
"8074","Consejo Superior de Investigaciones Cientificas","Spain"
"8084","CSIC","Spain"
"8098","CSIC Institut Mediterrani dEstudis Avencats","Spain"
"8099","Donana Biological Station","Spain"
"8105","Estacion Biologica Donana","Spain"
"8108","IMEDEA","Spain"
"8111","INGENIO","Spain"
"8114","Instituto de Ciencias del Mar CSIC","Spain"
"8115","Instituto de Recursos Naturalesand Agrobiologia","Spain"
"8120","Instituto mediterraneo de Estudios Avanzados (IMEDEA)","Spain"
"8121","Instituto Mediterraneo de Estudios Avanzados (IMEDEA)","Spain"
"8123","Madrid","Spain"
"8128","missing","Spain"
"8141","National Museum of Natural Sciences","Spain"
"8158","Universidad Autonoma","Spain"
"8161","Universidad Complutense","Spain"
"8167","Universidad de Alicante","Spain"
"8179","Universidad De La Laguna","Spain"
"8189","Universidad de Vigo","Spain"
"8192","Universidad Politecnica de Madrid","Spain"
"8216","Universidad Rey Juan Carlos","Spain"
"8221","Universitat Pompeu Fabra","Spain"
"8223","University of Alicante","Spain"
"8225","University of Barcelona","Spain"
"8226","University of Rey Juan Carlos","Spain"
"8231","University of Vigo","Spain"
"8234","University Pompeu Fabra","Spain"
"8235","Vigo","Spain"
"8245",NA,"Spain"
"8288","University of Peradeniya","Sri Lanka"
"8293","Beijer International Institute of Ecological Economics","Sweden"
"8295","CEC Lund","Sweden"
"8296","Evolutionary Biology Centre","Sweden"
"8298","Lund University","Sweden"
"8364","missing","Sweden"
"8378","Royal Swedish Academy of Agriculture and Forestry","Sweden"
"8380","Rutgers University","Sweden"
"8385","SLU","Sweden"
"8387","Stockholm International Peace Research Institute","Sweden"
"8391","Stockholm Resilience Centre","Sweden"
"8392","Stockholm University","Sweden"
"8439","Swedish Agricultural University","Sweden"
"8440","Swedish University of Agricultural Sciences","Sweden"
"8523","Umea University","Sweden"
"8538","University of Agricultural Sciences","Sweden"
"8539","University of Illinois","Sweden"
"8551","University of Lund","Sweden"
"8572","University of Stockholm","Sweden"
"8573","University of Umea","Sweden"
"8584","University of Uppsala","Sweden"
"8616","University of Wisconsin Madison","Sweden"
"8621","Uppsala University","Sweden"
"8654","Westing Associates","Sweden"
"8655",NA,"Sweden"
"8803","Amsterdam","Switzerland"
"8806","ART Research Station","Switzerland"
"8811","ART Research Stationn","Switzerland"
"8812","Eidgenossiche Technische Hochschule (ETH) Zurich","Switzerland"
"8814","ETH Zurich","Switzerland"
"8838","Fachstelle fur Pflanzenschutz","Switzerland"
"8842","Free University Amsterdam","Switzerland"
"8846","International Union for Conservation of Nature and Natural Resources","Switzerland"
"8847","Swiss Federal Institute for Forest Snow and Landscape Research","Switzerland"
"8859","Swiss Federal Institute of Technology Zurich","Switzerland"
"8860","Swiss Federal Institute WSL","Switzerland"
"8861","Swiss Federal Research Institute","Switzerland"
"8864","Swiss Federal Research Institute WSL","Switzerland"
"8885","Systematisches Geobotanisches Institut und Botanischer Garten","Switzerland"
"8888","Universit‚ de Lausanne","Switzerland"
"8891","Universite de Lausanne","Switzerland"
"8895","University of Basel","Switzerland"
"8902","University of Bern","Switzerland"
"8918","University of Fribourg","Switzerland"
"8921","University of Georgia","Switzerland"
"8928","University of Neuchatel","Switzerland"
"8929","University of Oldenburg","Switzerland"
"8936","University of Potsdam","Switzerland"
"8939","University of Zurich","Switzerland"
"8964","University of Zurich Irchel","Switzerland"
"8981","USDA Cooperative State Research Education and Extension Service (CSREES)","Switzerland"
"8982","Vrije Universiteit","Switzerland"
"8991","WSL Institute for Snow and Avalanche Research SFL","Switzerland"
"8992","Zurich","Switzerland"
"9002",NA,"Switzerland"
"9129","National Taipei University","Taiwan"
"9134","Africa Plant Seeds International","Tanzania"
"9140","University of Dar Es Salaam","Tanzania"
"9142","Ministry of technology environment and sciences","Thailand"
"9146","Institut National Scientifique et Technnique d Oceanographie et de Peche","Tunisia"
"9147","Budongo Conservation Field Station","Uganda"
"9150","Makarere University","Uganda"
"9153","","United Kingdom"
"9158","Aberdeen University","United Kingdom"
"9161","Bangor University","United Kingdom"
"9180","Birdlife International","United Kingdom"
"9189","Blackwell Publishing","United Kingdom"
"9192","Blackwell Science Ltd","United Kingdom"
"9199","Bournemouth University","United Kingdom"
"9201","Boyal Botanic Gatdens Edinburgh","United Kingdom"
"9203","British Antarctic Survey","United Kingdom"
"9210","British Trust for Ornithology","United Kingdom"
"9217","Brookhaven National Laboratory","United Kingdom"
"9222","Cambridge University","United Kingdom"
"9225","Cardiff University","United Kingdom"
"9231","Carnegie Institution","United Kingdom"
"9236","CEH Banchory","United Kingdom"
"9237","Centre for Ecology and Hydrology","United Kingdom"
"9273","Chris Britton Consultancy Balfor Beatty","United Kingdom"
"9275","Commonwealth Secretariat","United Kingdom"
"9280","Cranfield University","United Kingdom"
"9287","double check","United Kingdom"
"9299","DOUBLE CHECK","United Kingdom"
"9318","Durham University","United Kingdom"
"9319","EcoScience Scotland","United Kingdom"
"9323","English Nature","United Kingdom"
"9333","Forestry Comission Northern Research Station","United Kingdom"
"9337","Forestry Commission","United Kingdom"
"9357","Imperial College","United Kingdom"
"9370","Imperial College London","United Kingdom"
"9375","Imperial College Silwood Park","United Kingdom"
"9414","Imperial University","United Kingdom"
"9419","Institute of Science and Technology","United Kingdom"
"9421","Institute of Terrestrial Ecology","United Kingdom"
"9435","International Institute of Tropical Agriculture","United Kingdom"
"9441","IUCN Conservation Centre","United Kingdom"
"9443","Journal of Tropical Ecology","United Kingdom"
"9455","Kings College","United Kingdom"
"9478","Kings College London","United Kingdom"
"9479","Lancaster University","United Kingdom"
"9486","Landcaster University","United Kingdom"
"9487","Liverpool John Moores University","United Kingdom"
"9488","LTS International Ltd","United Kingdom"
"9495","Macaulay Institute","United Kingdom"
"9509","Macaulay Land Use Research Institute","United Kingdom"
"9513","Manchester Metropolitan University","United Kingdom"
"9517","Marshall Agroecology","United Kingdom"
"9518","Merlewood Research Station","United Kingdom"
"9522","missing","United Kingdom"
"9705","Monks Wood Experiment Station","United Kingdom"
"9737","National Audobon Society","United Kingdom"
"9738","Natural Environment Research Council","United Kingdom"
"9757","Natural History Museum","United Kingdom"
"9809","Natural History Museum London","United Kingdom"
"9819","New York Botanical Garden","United Kingdom"
"9821","Newcastle University","United Kingdom"
"9823","no one by this name","United Kingdom"
"9826","Notre Dame University","United Kingdom"
"9833","Open University","United Kingdom"
"9839","Oxford University","United Kingdom"
"9855","Plymouth Marine Laboratory","United Kingdom"
"9856","Plymouth University","United Kingdom"
"9862","Portland State University","United Kingdom"
"9863","Retired No Affiliation Listed","United Kingdom"
"9872","Rothamsted Research","United Kingdom"
"9873","Rothamsted Research North Wyke Research","United Kingdom"
"9877","Royal Botanic Garden Edinburgh","United Kingdom"
"9886","Royal Botanic Gardens","United Kingdom"
"9900","Royal Botanic Gardens Kew","United Kingdom"
"9904","Royal Holloway","United Kingdom"
"9905","Royal Holloway University of London","United Kingdom"
"9906","Royal Society for the Protection of Birds","United Kingdom"
"9910","Royal Society for the Protection of Bitds","United Kingdom"
"9911","Scottish Agricultural College","United Kingdom"
"9912","Scottish Natural Heritage","United Kingdom"
"9914","Southampton Oceanographic Centre","United Kingdom"
"9915","University College","United Kingdom"
"9919","University College London","United Kingdom"
"9927","University College of North Wales","United Kingdom"
"9950","University College of North West Bangor","United Kingdom"
"9956","University Marine Biological Station Millport","United Kingdom"
"9957","University of Aberdeen","United Kingdom"
"10001","University of Birmingham","United Kingdom"
"10023","University of Bristol","United Kingdom"
"10028","University of Buenos Aires","United Kingdom"
"10030","University of Cambridge","United Kingdom"
"10078","University of Cape Town","United Kingdom"
"10080","University of Connecticut","United Kingdom"
"10081","University of Dundee","United Kingdom"
"10082","University of East Anglia","United Kingdom"
"10105","University of East Angolia","United Kingdom"
"10106","University of Edinburgh","United Kingdom"
"10162","University of Essex","United Kingdom"
"10177","University of Exeter","United Kingdom"
"10190","University of Exeter Cornwall","United Kingdom"
"10194","University of Exeter Penryn","United Kingdom"
"10196","University of Georgia","United Kingdom"
"10197","University of Lancaster","United Kingdom"
"10200","University of Leeds","United Kingdom"
"10203","University of Leichester","United Kingdom"
"10209","University of Liverpool","United Kingdom"
"10258","University of Manchester","United Kingdom"
"10270","University of Newcastle upon Tuyne","United Kingdom"
"10271","University of Nottingham","United Kingdom"
"10281","University of Oxford","United Kingdom"
"10426","University of Plymouth","United Kingdom"
"10427","University of Sheffield","United Kingdom"
"10481","University of Southampton","United Kingdom"
"10500","University of St. Andrews","United Kingdom"
"10513","University of Stirling","United Kingdom"
"10534","University of Strathclyde","United Kingdom"
"10547","University of Sussex","United Kingdom"
"10593","University of T_bingen","United Kingdom"
"10594","University of Ulster Jordanstown","United Kingdom"
"10596","University of Wales","United Kingdom"
"10609","University of York","United Kingdom"
"10648","Universtity of Southampton","United Kingdom"
"10651","Univesity of Sterling","United Kingdom"
"10655","Unviersity of Birmingham","United Kingdom"
"10656","Utah State University","United Kingdom"
"10665","York University","United Kingdom"
"10669","Zoological Society of London","United Kingdom"
"10673",NA,"United Kingdom"
"12504","Facultad de Agronomia","Uruguay"
"12511","Academy of Natural Science Philadelphia","USA"
"12515","Agrium Advanced Technologies","USA"
"12517","Alaska Department of Fish and Game","USA"
"12520","American Museum of Natural History","USA"
"12530","Amherst","USA"
"12535","Analytics Iowa Soybean Association","USA"
"12542","Antioch New England Graduate School and National University of Rwanda","USA"
"12543","Appalachian Environmental Laboratory","USA"
"12544","Appalachian State University","USA"
"12547","Applied Biomathematics","USA"
"12552","Archbold Biological Station","USA"
"12566","Archipelago Consulting","USA"
"12569","Arete Assicuates","USA"
"12570","Argonne National Laboratory","USA"
"12576","Arizona","USA"
"12595","Arizona State University","USA"
"12695","Arizona State University West Campus","USA"
"12696","Arizona State University-West Campus","USA"
"12699","ASA CSSA SSSA","USA"
"12705","Auburn University","USA"
"12747","BASF Plant Science","USA"
"12750","Bayer CropScience","USA"
"12756","Baylor University","USA"
"12767","BBL Inc.","USA"
"12769","Bennington College","USA"
"12779","Berea College","USA"
"12786","Bethesda","USA"
"12790","Binghamton University State University of New York","USA"
"12791","Bodega Marine Laboratory","USA"
"12804","Boston University","USA"
"12827","Boston University Marine Program","USA"
"12831","Botanical Society of America","USA"
"12836","Bowdoin College","USA"
"12838","Bowling Green State University","USA"
"12840","Brigham Young University","USA"
"12854","British Antarctic Survey","USA"
"12856","Brookhaven National Laboratory","USA"
"12857","Brown University","USA"
"12876","California","USA"
"12900","California Academy of Sciences","USA"
"12901","California State University","USA"
"12903","California State University Dominguez Hills","USA"
"12908","California State University Fresno","USA"
"12912","California State University-Bakersfield","USA"
"12918","Calyx, Inc.","USA"
"12920","Carnegie Institution of Washington","USA"
"12922","Carnegie Museum of Natural History","USA"
"12924","Carthage College","USA"
"12928","Cary Institute of Ecosystem Studies","USA"
"12973","Case Western Reserve University","USA"
"12974","Center for Humans and Nature","USA"
"12976","Center of Biological and Ecological Sciences","USA"
"12981","Centre National de la Recherche Scientifique","USA"
"12987","Chicago","USA"
"12992","Chinese Academy of Sciences","USA"
"12993","Christopher Newport University","USA"
"12994","Clark University","USA"
"13002","Clemson University","USA"
"13036","CLEREL","USA"
"13042","Climate Corporation","USA"
"13044","Colgate University","USA"
"13046","College of New Jersey","USA"
"13053","College of Staten Island CUNY","USA"
"13059","College of the Atlantic","USA"
"13065","College of William and Mary","USA"
"13069","Colorado","USA"
"13082","Colorado Cooperative Fish and Wildlife Unit","USA"
"13085","Colorado Division of Wildlife","USA"
"13086","Colorado State University","USA"
"13256","Columbia Universily","USA"
"13259","Columbia University","USA"
"13273","Conservation International","USA"
"13277","Conservation Science Partners","USA"
"13279","Consortium for Conservation Medicine","USA"
"13280","Cornell University","USA"
"13441","CUNY Lehman College","USA"
"13444","Dartmouth","USA"
"13446","Dartmouth College","USA"
"13488","Dauphin Island Sea Lab","USA"
"13489","Davis","USA"
"13492","Delaware State University","USA"
"13497","Denison University","USA"
"13498","Desert Research Institute","USA"
"13500","Division of Reptiles and Amphibians Smithsonian Institution Washington DC","USA"
"13501","Dow AgroSciences","USA"
"13507","Drexel University","USA"
"13513","Duke University","USA"
"13624","DuPont Pioneer","USA"
"13625","East Carolina University","USA"
"13630","Eastern Illinois University","USA"
"13636","Eastern Michigan University","USA"
"13639","EcoAdapt","USA"
"13644","EcoHealth Alliance","USA"
"13647","Ecosystems Center","USA"
"13653","Emory University","USA"
"13654","Entrix","USA"
"13655","Environmental Defense Fund","USA"
"13664","Environmental Protection Agency","USA"
"13678","Evergreen State College","USA"
"13688","Evolution And Marine Biology University of California","USA"
"13691","Farmers Edge","USA"
"13698","Farmers Rice Cooperative","USA"
"13700","Ferrum College","USA"
"13713","Field Museum of Natural History","USA"
"13725","Florida","USA"
"13747","Florida Dept. of Natural Resources Bureau of Marine Research","USA"
"13748","Florida Institute of Technology","USA"
"13764","Florida International University","USA"
"13791","Florida State U","USA"
"13795","Florida State University","USA"
"13870","Fordham University","USA"
"13872","Fort Lewins College","USA"
"13876","Fort Valley State University","USA"
"13882","Franklin and Marshall","USA"
"13883","Gainesville College","USA"
"13884","George Mason University","USA"
"13913","Georgia Experiment Station","USA"
"13915","Georgia Institute of Technology","USA"
"13922","Georgia Southern University","USA"
"13933","Georgia State University","USA"
"13935","Grass Genomics Testing Inc.","USA"
"13937","Grinnell College","USA"
"13939","Hampton University","USA"
"13940","Harvard University","USA"
"14026","Harvard University Arnold Arboretum","USA"
"14032","Hawaii","USA"
"14040","Holy Cross College","USA"
"14044","Horizon Ag LLC","USA"
"14047","Hunter College CUNY","USA"
"14050","Idaho State University","USA"
"14056","Illinois","USA"
"14064","Illinois Natural History Survey","USA"
"14081","Illinois State University","USA"
"14093","Indiana","USA"
"14103","Indiana University","USA"
"14179","Indiana University/Purdue University Fort Wayne","USA"
"14182","Institute of Ecosystem Studies","USA"
"14184","Intelligent Solutions Group (ISG)","USA"
"14188","International Crane Foundation","USA"
"14205","International Institute of Tropical Forestry","USA"
"14217","International Plant Nutrition Institute","USA"
"14224","Iowa State University","USA"
"14371","Jacklin Seed","USA"
"14373","John Carroll University","USA"
"14374","Kansas Department of Wildlife Parks and Tourism","USA"
"14375","Kansas State University","USA"
"14468","Kenyon College","USA"
"14486","Kewalo Marine Lab","USA"
"14487","Klamath Center for Conservation Research","USA"
"14488","L C Lee and Associates Inc.","USA"
"14491","Lake Forest College","USA"
"14495","Lakehead University","USA"
"14499","Lancaster University","USA"
"14504","Landolakes","USA"
"14507","Lehman College CUNY","USA"
"14511","Leibniz Centre for Agricultural Landscape Research","USA"
"14514","LGL Ecological Research Associates","USA"
"14515","Louisiana State University","USA"
"14625","LTS International Ltd","USA"
"14626","Maine","USA"
"14632","Manomet Observatory","USA"
"14634","Marine Biological Laboratory","USA"
"14640","Marshall University","USA"
"14650","Meadowcreek Project","USA"
"14652","Merlewood Research Station","USA"
"14663","Miami University","USA"
"14676","Michigan State University","USA"
"14783","Michigan Technological University","USA"
"14805","Middlebury College","USA"
"14812","Millbrook","USA"
"14820","Miller Research LLC","USA"
"14826","Milwaukee Public Museum","USA"
"14829","Minnesota","USA"
"14835","missing","USA"
"14920","Mississippi State","USA"
"14922","Mississippi State University","USA"
"14948","Missouri Botanical Garden","USA"
"14971","Moline Technology Innovation Center","USA"
"14975","Monsanto","USA"
"14990","Montana","USA"
"14994","Montana State University","USA"
"15033","Monterey Bay Aquarium Research Institute","USA"
"15035","Moss Landing Marine Laboratories","USA"
"15042","Mount Holyoke College","USA"
"15053","NASA Ames Research Center","USA"
"15056","National Audobon Society","USA"
"15058","National Biological Survey","USA"
"15059","National Center for Atmospheric Research","USA"
"15065","National Center for Ecological Analysis and Synthesis","USA"
"15076","National Council for Air and Stream Improvement","USA"
"15089","National Fish and Wildlife Forensics Laboratory","USA"
"15097","National Institute of Food and Agriculture","USA"
"15099","National Marine Fisheries Service","USA"
"15117","National Museum of Natural History Smithsonian Institution","USA"
"15134","National Park Service","USA"
"15135","National University of Rosario","USA"
"15141","Natural History Museum","USA"
"15153","Nature Conservancy","USA"
"15169","NBS Northern Prarie Science Center","USA"
"15170","Nebraska","USA"
"15171","Nebraska Game and Parks Commission","USA"
"15172","New College of Florida","USA"
"15173","New England Aquarium","USA"
"15177","New England Wild Flower Society","USA"
"15187","New Mexico Fish and Wildlife Conservation Office","USA"
"15188","New Mexico State University","USA"
"15215","New York Botanical Garden","USA"
"15217","New York University","USA"
"15225","New York Zoological Society","USA"
"15232","no one by this name","USA"
"15233","NOAA","USA"
"15241","NoInst","USA"
"15245","North Carolina","USA"
"15254","North Carolina A & T State University","USA"
"15258","North Carolina Agricultural and Technical State University","USA"
"15264","North Carolina State University","USA"
"15312","North Dakota State University","USA"
"15342","Northeast Fisheries Science Center","USA"
"15343","Northeastern University","USA"
"15355","Northern Arizona University","USA"
"15384","Northern Illinois University","USA"
"15389","Northwest Marine Technology Inc.","USA"
"15390","Northwestern University","USA"
"15393","Notre Dame","USA"
"15398","Oak Ridge National Laboratory","USA"
"15419","Oberlin College","USA"
"15438","Ohio","USA"
"15464","Ohio State University","USA"
"15534","Ohio University","USA"
"15555","Ohio University-Main Campus","USA"
"15556","Ohio Wesleyan U","USA"
"15557","Oklahoma Museum of Natural History","USA"
"15561","Oklahoma State University","USA"
"15618","Oklahoma University","USA"
"15619","Old Dominion University","USA"
"15624","Oregon State University","USA"
"15791","Oregon Trail","USA"
"15793","Pacific Northwest National Laboratory","USA"
"15794","Pacific S.W. Research Station US Forest Service","USA"
"15795","Paso Pacifico","USA"
"15799","Penn State University","USA"
"15815","Pennsylvania","USA"
"15816","Pennsylvania State University","USA"
"15850","Pepperdine","USA"
"15852","Pepperdine University","USA"
"15870","Philadelphia","USA"
"15871","Pioneer Hi Bred Intl Inc.","USA"
"15873","Pittsburgh","USA"
"15875","Plant Sciences Department","USA"
"15877","Pomona College","USA"
"15880","Portland State U","USA"
"15884","Portland State University","USA"
"15889","Potash Corp","USA"
"15895","Prescott College","USA"
"15898","Princeton University","USA"
"15933","Providence College","USA"
"15934","Purdue University","USA"
"15981","Queens University","USA"
"15982","Rensselaer Polytechnic Institute","USA"
"15984","Research and Development MWRDGC","USA"
"15991","Rice Research and Extension Center","USA"
"15992","Rice University","USA"
"16005","Riverside","USA"
"16034","Rose Hulman Institute of Technology","USA"
"16036","Rosepine Research Station","USA"
"16037","Royal Botanic Gardens Kew","USA"
"16038","Rutgers University","USA"
"16120","Samuel Roberts Noble Foundation","USA"
"16132","San Diego State University","USA"
"16153","San Francisco State University","USA"
"16171","Santa Cruz","USA"
"16181","Santa Fe Institute","USA"
"16184","Savannah River Ecology Laboratory","USA"
"16190","School of Environment and Nat Resources","USA"
"16191","School of Plant Environmental and Soil Sciences","USA"
"16198","Scotts Miracle Gro","USA"
"16202","Scripps Institution of Oceanography","USA"
"16206","Seattle WA","USA"
"16212","Smith College","USA"
"16224","Smithsonian Environmental Research Center","USA"
"16228","Smithsonian Institution","USA"
"16229","Smithsonian Migratory Bird Center","USA"
"16244","Smithsonian National Museum of Natural History","USA"
"16267","Smithsonian Tropical Research Institute","USA"
"16271","Soil Health Institute","USA"
"16273","South Dakota State University","USA"
"16312","South Florida","USA"
"16324","Southeast Missouri State University","USA"
"16328","Southern Illinois University","USA"
"16370","Southwest Missouri State University","USA"
"16373","Southwest Res. Ext. Center","USA"
"16375","Southwest Texas State University","USA"
"16381","St. Louis University","USA"
"16389","Stanford University","USA"
"16509","State University of New York Binghamton","USA"
"16516","State University of New York College of Environmental Science and Forestry","USA"
"16535","State University of New York Stony Brook","USA"
"16548","Stony Brook University","USA"
"16566","STRI","USA"
"16575","Sundance Ranch L.L.C.","USA"
"16578","SUNY","USA"
"16634","Syngenta Crop Protection Inc.","USA"
"16641","Syngenta Seeds Inc.","USA"
"16647","Syracuse","USA"
"16648","Syracuse University","USA"
"16681","Tall Timber Research Station","USA"
"16684","Tall Timbers Research Station","USA"
"16687","Temple Inland Forest","USA"
"16694","Tennessee","USA"
"16697","Texas A and M University","USA"
"16796","Texas Parks and Wildlife Department","USA"
"16797","Texas State University","USA"
"16814","Texas Tech University","USA"
"16831","Tidewater Agricultural Res and Ext Ctr","USA"
"16837","Tijuana Estuarine Research Reserve","USA"
"16838","Truman State","USA"
"16839","Tufts","USA"
"16846","Tufts University","USA"
"16849","Tulane","USA"
"16854","Tulane University","USA"
"16858","Unity College","USA"
"16862","Universidad de Concepcion","USA"
"16863","Universite Laval Quebec","USA"
"16864","University College London","USA"
"16865","University of Akron","USA"
"16875","University of Akron Wayne College","USA"
"16879","University of Alabama","USA"
"16884","University of Alabama in Huntsville","USA"
"16895","University of Alaska","USA"
"16914","University of Alaska Anchorage","USA"
"16915","University of Alaska Fairbanks","USA"
"16917","University of Alberta","USA"
"16920","University of Arizona","USA"
"17003","University of ArKansas","USA"
"17024","University of Arkansas Little Rock","USA"
"17036","University of Bonn","USA"
"17038","University of Buffalo","USA"
"17040","University of California","USA"
"17107","University of California At Los Angeles","USA"
"17133","University of California Merced","USA"
"17137","University of California Santa Diego","USA"
"17146","University of California-Berkeley","USA"
"17258","University of California-Davis","USA"
"17614","University of California-Irvine","USA"
"17651","University of California-Los Angeles","USA"
"17697","University of California-Riverside","USA"
"17761","University of California-San Diego","USA"
"17796","University of California-Santa Barbara","USA"
"17883","University of California-Santa Cruz","USA"
"17980","University of Central ArKansas","USA"
"17983","University of Central Florida","USA"
"17992","University of Chicago","USA"
"18043","University of Cincinnati","USA"
"18046","University of Colorado Boulder","USA"
"18127","university of Connecticut","USA"
"18128","University of Connecticut","USA"
"18270","University of Delaware","USA"
"18276","University of Florida","USA"
"18503","University of Georgia","USA"
"18617","University of Georgia Athens","USA"
"18619","University of Georgia Marine Institute","USA"
"18623","University of Guelph","USA"
"18629","University of Hawaii","USA"
"18643","University of Hawaii Hilo","USA"
"18647","University of Hawaii Manoa","USA"
"18654","University of Helsinki","USA"
"18659","University of Houston","USA"
"18666","University of Idaho","USA"
"18724","University of Illinois","USA"
"18875","University of Illinois Chicago","USA"
"18895","University of Illinois Urbana Champaign","USA"
"18919","University of Iowa","USA"
"18954","University of Kansas","USA"
"19039","University of Kentucky","USA"
"19102","University of Louisville","USA"
"19105","University of Maine","USA"
"19133","University of Maryland","USA"
"19216","University of Maryland Center for Environmental Science","USA"
"19217","University of Massachusetts","USA"
"19251","University of Massachusetts Amherst","USA"
"19286","University of Massachusetts-Boston","USA"
"19297","University of Melbourne","USA"
"19299","University of Miami","USA"
"19301","University of Michigan","USA"
"19358","University of Minnesota","USA"
"19482","University of Minnesota Crookston","USA"
"19494","University of Minnesota Duluth","USA"
"19516","University of Mississippi","USA"
"19523","University of Missouri Columbia","USA"
"19597","University of Missouri St. Louis","USA"
"19600","University of Missouri-St. Louis","USA"
"19642","University of Montana","USA"
"19688","University of Nebraska","USA"
"19763","University of Nevada","USA"
"19775","University of Nevada Reno","USA"
"19804","University of Nevada-Las Vegas","USA"
"19829","University of New Hampshire","USA"
"19833","University of New Mexico","USA"
"19883","University of New Orleans","USA"
"19886","University of New York","USA"
"19887","University of North Carolina","USA"
"19914","University of North Carolina Chapel Hill","USA"
"19972","University of North Carolina Greensboro","USA"
"19974","University of North Carolina Wilmington","USA"
"19979","University of North Dakota","USA"
"20005","University of North Dakota Grand Forks","USA"
"20008","University of North Texas","USA"
"20020","University of Notre Dame","USA"
"20030","University of of ArKansas","USA"
"20034","University of of Connecticut","USA"
"20041","University of of Minnesota","USA"
"20044","University of of Mississippi","USA"
"20045","University of of Montana","USA"
"20049","University of of Oklahoma","USA"
"20053","University of Oklahoma","USA"
"20078","University of Oregon","USA"
"20117","University of Pennsylvania","USA"
"20131","University of Pittsburgh","USA"
"20157","University of Puerto Rico","USA"
"20163","University of Queensland","USA"
"20169","University of Regina","USA"
"20172","University of Rhode Island","USA"
"20205","University of Rochester","USA"
"20223","University of Sao Paulo","USA"
"20228","University of Sheffield","USA"
"20233","University of Sherbrooke","USA"
"20234","University of South Carolina","USA"
"20240","University of South Carolina-Aiken","USA"
"20244","University of South Carolina-Columbia","USA"
"20258","University of South Dakota","USA"
"20259","University of South Florida","USA"
"20277","University of Southampton","USA"
"20279","University of Southwestern Louisiana","USA"
"20282","University of Tennessee","USA"
"20373","University of Texas","USA"
"20423","University of Texas Arlington","USA"
"20427","University of Texas Austin","USA"
"20444","University of Texas El Paso","USA"
"20445","University of Toledo","USA"
"20455","University of Toronto","USA"
"20460","University of Tulsa","USA"
"20463","University of Uppsala","USA"
"20469","University of Utah","USA"
"20570","University of Vermont","USA"
"20620","University of Virginia","USA"
"20658","University of Washington","USA"
"20766","University of Washington Seattle","USA"
"20768","University of Western Ontario","USA"
"20769","University of Wisconsin","USA"
"20895","University of Wisconsin Eau Claire","USA"
"20897","University of Wisconsin Madison","USA"
"20928","University of Wisconsin Parkside","USA"
"20931","University of Wisconsin River Falls","USA"
"20933","University of Wisconsin-Milwaukee","USA"
"20943","University of Wyoming","USA"
"21002","University Oregon","USA"
"21004","University System of Maryland","USA"
"21005","Universityof Wisconsin Milwaukee","USA"
"21006","UNL","USA"
"21010","US Arid Land Agricultural Research Center","USA"
"21011","US Army","USA"
"21013","US Department of Agriculture","USA"
"21342","US Environmental Protection Agency","USA"
"21358","US Fish & Wildlife Service-National Wetlands Research Center","USA"
"21360","US Fish and Wildlife Service","USA"
"21372","US Forest Service","USA"
"21534","US Forest Service USDA","USA"
"21540","US Forest Service-Pacific Southwest Research Station","USA"
"21560","US Forest Service-Rocky Mountain Research Station","USA"
"21562","US Forest Service-Southern Research Station","USA"
"21582","US Geological Society","USA"
"21583","US Geological Survey","USA"
"21644","US Geological Survey and University of California Santa Barbara","USA"
"21653","US Geological Survey Great Lakes Science Center","USA"
"21654","US Geological Survey Northern Prairie Wildlife Research Center","USA"
"21655","US Geological Survey Patuxent Wildlife Research Center","USA"
"21656","US Geological Survey Patuzent","USA"
"21657","US Geological Survey Western Ecological Research Center","USA"
"21664","US Geological Survey/NRII","USA"
"21675","US Naval Research Laboratory","USA"
"21693","USDA Agricultural Research Service","USA"
"21703","USDA ARS","USA"
"21706","USDA Cooperative State Research Education and Extension Service (CSREES)","USA"
"21707","USFWS National Ecology Research Center","USA"
"21709","USFWS Northern Prairie Wildlife Research Center","USA"
"21710","Utah","USA"
"21738","Utah State University","USA"
"21814","Vanderbilt University","USA"
"21828","Vermont","USA"
"21833","versity of Tennessee","USA"
"21834","Villanova University","USA"
"21835","Virginia Commonwealth U","USA"
"21837","Virginia Commonwealth University","USA"
"21838","Virginia Polytechnic Institute and State University","USA"
"21905","Wageningen University","USA"
"21911","Wake Forest University","USA"
"21917","Washington and Lee University","USA"
"21923","Washington Park Zoo","USA"
"21924","Washington State University","USA"
"21992","Washington State Univesrity","USA"
"21994","Washington State Unviersity","USA"
"22003","Washington University","USA"
"22017","Washington University in St Louis","USA"
"22040","Washington University School of Medicine","USA"
"22043","Wayne State University","USA"
"22051","Weber State U","USA"
"22054","Wesleyan University","USA"
"22059","West Virginia University","USA"
"22067","Western Cotton Research Lab","USA"
"22070","Western Fisheries Research Center","USA"
"22071","Western Michigan University","USA"
"22088","Western Washington University","USA"
"22091","Wichita State University","USA"
"22096","Wilderness Society","USA"
"22099","Wildlife Conservation Society","USA"
"22165","Wildlife Preservation Trust International","USA"
"22168","Willamette University","USA"
"22169","Williams College","USA"
"22175","Woods Hole Oceanographic Institution","USA"
"22215","World Resources Institute","USA"
"22220","World Wildlife Fund","USA"
"22238","WSP Environmental Strategies","USA"
"22240","Wyoming","USA"
"22243","Yale School of Forestry and Environmental Studies","USA"
"22247","Yale University","USA"
"22325","Zoological Society of San Diego","USA"
"22330",NA,"USA"
"24738","Centro de Ecologia","Venezuela"
"24748","Instituto Venezolano de Investigaciones Cientificas","Venezuela"
"24767","Instituto Venezolano Investigaciones Cientificas (IVIC)","Venezuela"
"24769","Venezuelan Institute for Scientific Investigation","Venezuela"
"24776",NA,"Venezuela"
"24786","Aberystwyth University","Wales"
"24799","Cardiff","Wales"
"24814","Biological Institute","Yugoslavia"
"24816","Mount Makulu Research Station","Zambia"
"24820","(Retired) Natural History Museum London",NA
"24821","Aarhus U",NA
"24822","Acadia U",NA
"24833","Alaska Science Center",NA
"24844","American Museum of Natural History",NA
"24846","Amherst College",NA
"24847","Arizona State U",NA
"24855","Auburn U",NA
"24862","Auburn University",NA
"24863","Austin Peay State U",NA
"24864","Australian Commonwealth Scientific and Research Organization",NA
"24869","Australian Museum",NA
"24870","Australian National Wildlife Collection",NA
"24874","Aves Argentinas",NA
"24876","Bates College",NA
"24883","Beloit College",NA
"24888","Bloomfield College",NA
"24891","Boise State U",NA
"24914","Bucknell U",NA
"24917","California Academy of Sciences",NA
"24926","California State University of San Marcos",NA
"24931","Canadian Wildlife Service",NA
"24938","Catholic University of of Chile",NA
"24942","Centre National de la Recherche Scientifique",NA
"24943","Citadel Military College of South Carolina",NA
"24948","City University of of New York",NA
"24949","College of New Jersey",NA
"24956","College of William and Mary",NA
"24964","Colorado State U",NA
"24968","Columbia U",NA
"24969","Commonwealth U",NA
"24971","Consejo Nacional de Investigaciones Cientificas y Tecnicas",NA
"24975","Cornell Lab of Ornithology",NA
"24977","Cornell U",NA
"24982","Cornell University",NA
"24983","Deakin University of Australia",NA
"24986","Delta Waterfowl Foundation",NA
"24988","Denver Museum of Nature e Science",NA
"24990","DiSTEBA Universita di Lecce",NA
"24991","Donana Biological Station CSIC",NA
"24994","Ducks Unlimited Canada",NA
"24995","Duke U",NA
"25004","Durham University",NA
"25012","Eastern Illinois U",NA
"25018","Environment Canada",NA
"25030","Environment Canada National Hydrology Research Center",NA
"25035","Environment Canada Wildlife Research Division",NA
"25039","Environment Canada Wildlife Research East",NA
"25040","Estacion Biologia Chamela",NA
"25046","Estern Illinois U",NA
"25047","Field Museum of Natural History",NA
"25050","Florida Institute of Technology",NA
"25059","Forschungsinstitut Senckenberg",NA
"25063","Free University of Berlin",NA
"25066","GEOMAR Helmholtz Center for Ocean Research Kiel",NA
"25070","Georgia Southern U",NA
"25072","Guangxi U",NA
"25073","Hamilton College",NA
"25076","Harvard U",NA
"25080","Harvard University",NA
"25081","Hasting Reservation",NA
"25082","Hawk Mountain Sanctuary",NA
"25085","Hobart and William Smith College",NA
"25090","Hofstra U",NA
"25093","Humbolt State U",NA
"25094","Hunter College CUNY",NA
"25096","IBIGEO CONICET",NA
"25099","Illinois Natural History Survey",NA
"25105","Indiana State U",NA
"25111","Institut fur OstseeforschungWarnemunde",NA
"25112","Instituto de Biologia UNAM",NA
"25116","Interuniversity Institute for Marine Sciences",NA
"25117","Iowa State U",NA
"25129","James San Jacinto Mountains Reserve",NA
"25134","Kansas State U",NA
"25138","Kruger National Park",NA
"25139","Los Alamos National Laboratory",NA
"25141","Louisiana State U",NA
"25170","Louisiana State University of and University of Federal du Roraima",NA
"25172","LSA Associates",NA
"25177","Lundy Environmental Consulting",NA
"25180","Massey U",NA
"25185","Max Planck Institute for Ornithology",NA
"25189","McKendree U",NA
"25195","Michigan State U",NA
"25216","Minnesota Pollution Control Agency",NA
"25220","missing",NA
"25428","Missouri Department of Conservation",NA
"25429","Museum of New Zealand Te Papa Tongarewa",NA
"25430","National Audubon Society",NA
"25431","National Aviary",NA
"25441","National History Museum Paris",NA
"25448","National Park Service Inventory e Monitoring Program",NA
"25451","National University of of Singapore",NA
"25456","Natural History Museum",NA
"25457","Natural History Museum UK",NA
"25465","Natural Resources Institute University of of Manitoba",NA
"25467","New Mexico State U",NA
"25470","North Central Research Station",NA
"25473","North Dakota State U",NA
"25477","Northern Praire Wildlife Research Center",NA
"25480","northern Prairie Wildlife Research Center",NA
"25481","Northern Prairie Wildlife Research Center",NA
"25507","Ohio Northern U",NA
"25515","Ohio State U",NA
"25529","Ohio Wesleyan U",NA
"25534","Oklahoma State U",NA
"25543","Old Dominion U",NA
"25550","Ontario Ministry of Natural Resources",NA
"25559","Open University",NA
"25560","Oregon State U",NA
"25564","Pacific Rim Conservation",NA
"25565","Palacky U",NA
"25570","Penn State U",NA
"25574","Percy Fitzpatrick Institute",NA
"25576","Point Blue Conservation",NA
"25578","Portland State U",NA
"25585","Prairie Wildlife Research Center",NA
"25586","Queens College City University of of New York",NA
"25591","Queens U",NA
"25592","Queens University of Belfast",NA
"25593","Rangeland Ecosystem Science Center",NA
"25598","Rochester Institute of Technology",NA
"25603","Rocky Mountain Research Station",NA
"25608","Roosevelt University of Field Museum",NA
"25611","Royal Ontario Museum",NA
"25614","School of Renewable Resources Louisiana State U",NA
"25618","Senckenberg Research Institute Frankfurt",NA
"25623","Simon Fraser U",NA
"25627","Smithsonian Institution",NA
"25637","Smithsonian Migratory Bird Center",NA
"25640","Smithsonian National Museum of Natural History",NA
"25641","Smithsonian Tropical Research Institute",NA
"25645","Snake River Field Station",NA
"25650","Southeastern Louisiana",NA
"25651","Southern Illinois U",NA
"25657","Stazione Zoologica Anton Dohrn",NA
"25659","Stony Brook U",NA
"25661","Tabor College",NA
"25662","Tall Timbers Research Station",NA
"25666","Tetra Tech EBA",NA
"25668","Tetra Tech EC Inc",NA
"25676","Tetratech Environmental Consulting Inc",NA
"25681","Texas Christian U",NA
"25684","Texas Tech U",NA
"25694","Texas Tech University",NA
"25701","Tokaigakuen University",NA
"25702","Trent U",NA
"25712","Trinity U",NA
"25719","Tulane U",NA
"25722","u de Buenos Aires",NA
"25724","United State Fish and Wildlife Service",NA
"25729","Universita  di Genova",NA
"25730","Universita del Salento",NA
"25731","Universite Pierre et Marie Curie",NA
"25732","University of Autonoma del Estado de HIdalgo",NA
"25737","University of Autonoma del Estado Hidalgo",NA
"25739","University of Bonn",NA
"25746","University of California",NA
"25747","University of Cambridge",NA
"25751","University of Copenhagen",NA
"25752","University of de Antioquia",NA
"25757","University of de Buenos Aires",NA
"25761","University of de los Andes",NA
"25771","University of de Vila Velha",NA
"25773","University of Hawaii Manoa",NA
"25774","University of Illinois Urbana Champaign",NA
"25775","University of London",NA
"25776","University of Melbourne",NA
"25777","University of Missouri-St. Louis",NA
"25781","University of Montana",NA
"25782","University of Nacional Autonoma de Mexico",NA
"25787","University of Nacional de Misiones CONICET",NA
"25790","University of New Brunswick",NA
"25791","University of of Adelaide",NA
"25795","University of of Alaska",NA
"25800","University of of ALaska",NA
"25801","University of of Alaska Fairbanks",NA
"25804","University of of Alaska Museum",NA
"25809","University of of Alberta",NA
"25811","University of of Arizona",NA
"25814","University of of Auckland",NA
"25817","University of of British Columbia",NA
"25822","University of of California",NA
"25829","University of of California Berkeley",NA
"25832","University of of California Davis",NA
"25843","University of of California Riverside",NA
"25848","University of of California San Diego",NA
"25850","University of of California Santa Cruz",NA
"25853","University of of Canterbury",NA
"25857","University of of Central ArKansas",NA
"25858","University of of Chicago",NA
"25861","University of of Colorado Boulder",NA
"25866","University of of Colorado Denver",NA
"25869","University of of Connecticut",NA
"25872","University of of Dayton",NA
"25876","University of of Delaware",NA
"25881","University of of Exeter",NA
"25885","University of of Georgia",NA
"25889","University of of Illinois",NA
"25891","University of of Illinois Urbana Champaign",NA
"25895","University of of Kansas",NA
"25903","University of of Maine",NA
"25910","University of of Manitoba",NA
"25913","University of of Maryland",NA
"25918","University of of Maryland Baltimore County",NA
"25920","University of of Massachusetts",NA
"25926","University of of Massachusetts Amherst",NA
"25931","University of of Michigan Dearborn",NA
"25936","University of of Minnesota",NA
"25947","University of of Mississippi",NA
"25957","University of of Montana",NA
"25969","University of of Nebraska Omaha",NA
"25973","University of of nevada",NA
"25975","University of of Nevada",NA
"25980","University of of Nevada Reno",NA
"25983","University of of Northern British Columbia",NA
"25986","University of of Northern Colorado",NA
"25991","University of of Oklahoma",NA
"26000","University of of Queensland",NA
"26004","University of of Rhode Island",NA
"26007","University of of Saskatchewan",NA
"26012","University of of South Dakota",NA
"26022","University of of Southern Mississippi",NA
"26029","University of of Tennessee",NA
"26030","University of of Victoria",NA
"26037","University of of Washington",NA
"26044","University of of Windsor",NA
"26047","University of of Wisconsin",NA
"26050","University of of Wisconsin Milwaukee",NA
"26051","University of of Wisconsin Parkside",NA
"26056","University of of Wyoming",NA
"26065","University of Pierre et Marie Curie",NA
"26066","University of Pretoria",NA
"26076","University of Saint Andrews",NA
"26077","University of Simon Bolivar",NA
"26082","University of Tel Aviv",NA
"26085","University of Virginia",NA
"26086","University of Wurzburg",NA
"26092","Uppsala U",NA
"26094","Uppsala University",NA
"26096","US Forest Service",NA
"26098","US Geological Survey",NA
"26104","US Geological Survey Alaska Science Center",NA
"26113","US Geological Survey Biological Resources Division",NA
"26117","US Geological Survey Fort Collins Science Center",NA
"26122","US Geological Survey Northern Prairie Wildlife Research Center",NA
"26127","US Geological Survey Patuxent Wildlife Research Center",NA
"26134","US Geological Survey Wisconsin Cooperative Wildlife Research Unit",NA
"26136","USDA APHIS",NA
"26140","USFS Rocky Mountain Research Station",NA
"26143","USFWS Alaska Region",NA
"26148","USFWS Idaho Fish and Wildlife Office",NA
"26149","Utah State U",NA
"26154","Vassar College",NA
"26158","Villanova U",NA
"26164","Virginia Polytechnic Institute and State University",NA
"26169","Virginia Polytechnic Institute and State University U",NA
"26171","Virginia Polytechnic Institute State U",NA
"26172","Washington State U",NA
"26174","Washington State University",NA
"26175","Western Foundation of Vertebrate Zoology",NA
"26180","Western Michigan U",NA
"26187","Western University of Canada",NA
"26191","Wichita State U",NA
"26195","York University",NA
"26196","Zoological Society of London",NA
"26208",NA,NA
